MutantNo,[FAIL | TIME | EXC | LIVE | UNCOV]
1,FAIL
2,FAIL
3,FAIL
4,FAIL
5,LIVE
6,FAIL
7,UNCOV
8,FAIL
9,FAIL
10,FAIL
11,FAIL
12,FAIL
13,FAIL
14,FAIL
15,FAIL
16,FAIL
17,LIVE
18,FAIL
19,EXC
20,FAIL
21,FAIL
22,FAIL
23,EXC
24,LIVE
25,EXC
26,FAIL
27,EXC
28,EXC
29,FAIL
30,FAIL
31,FAIL
32,FAIL
33,FAIL
34,FAIL
35,EXC
36,LIVE
37,FAIL
38,FAIL
39,UNCOV
40,FAIL
41,FAIL
42,UNCOV
43,UNCOV
44,LIVE
45,LIVE
46,FAIL
47,FAIL
48,FAIL
49,LIVE
50,FAIL
51,LIVE
52,LIVE
53,FAIL
54,LIVE
55,FAIL
56,UNCOV
57,UNCOV
58,UNCOV
59,UNCOV
60,UNCOV
61,UNCOV
62,UNCOV
63,UNCOV
64,UNCOV
65,UNCOV
66,UNCOV
67,UNCOV
68,UNCOV
69,UNCOV
70,UNCOV
71,UNCOV
72,FAIL
73,EXC
74,FAIL
75,FAIL
76,LIVE
77,EXC
78,LIVE
79,LIVE
80,LIVE
81,EXC
82,EXC
83,EXC
84,UNCOV
85,LIVE
86,LIVE
87,EXC
88,TIME
89,EXC
90,UNCOV
91,UNCOV
92,UNCOV
93,UNCOV
94,UNCOV
95,EXC
96,LIVE
97,EXC
98,UNCOV
99,LIVE
100,EXC
101,EXC
102,EXC
103,EXC
104,EXC
105,EXC
106,LIVE
107,EXC
108,LIVE
109,UNCOV
110,EXC
111,LIVE
112,EXC
113,EXC
114,EXC
115,EXC
116,EXC
117,EXC
118,EXC
119,LIVE
120,UNCOV
121,EXC
122,EXC
123,LIVE
124,LIVE
125,LIVE
126,LIVE
127,EXC
128,FAIL
129,LIVE
130,UNCOV
131,EXC
132,EXC
133,UNCOV
134,LIVE
135,EXC
136,FAIL
137,EXC
138,EXC
139,FAIL
140,EXC
141,EXC
142,FAIL
143,EXC
144,FAIL
145,LIVE
146,FAIL
147,FAIL
148,UNCOV
149,EXC
150,EXC
151,LIVE
152,UNCOV
153,FAIL
154,FAIL
155,FAIL
156,EXC
157,FAIL
158,LIVE
159,FAIL
160,UNCOV
161,FAIL
162,EXC
163,FAIL
164,EXC
165,FAIL
166,FAIL
167,FAIL
168,FAIL
169,FAIL
170,UNCOV
171,UNCOV
172,UNCOV
173,UNCOV
174,UNCOV
175,UNCOV
176,UNCOV
177,UNCOV
178,UNCOV
179,UNCOV
180,UNCOV
181,UNCOV
182,UNCOV
183,UNCOV
184,UNCOV
185,UNCOV
186,UNCOV
187,UNCOV
188,UNCOV
189,UNCOV
190,UNCOV
191,UNCOV
192,FAIL
193,UNCOV
194,UNCOV
195,LIVE
196,EXC
197,UNCOV
198,LIVE
199,LIVE
200,UNCOV
201,FAIL
202,FAIL
203,FAIL
204,EXC
205,FAIL
206,LIVE
207,UNCOV
208,LIVE
209,EXC
210,UNCOV
211,LIVE
212,LIVE
213,UNCOV
214,FAIL
215,FAIL
216,EXC
217,EXC
218,EXC
219,EXC
220,FAIL
221,EXC
222,FAIL
223,LIVE
224,UNCOV
225,LIVE
226,EXC
227,UNCOV
228,LIVE
229,LIVE
230,UNCOV
231,FAIL
232,FAIL
233,FAIL
234,EXC
235,FAIL
236,LIVE
237,UNCOV
238,UNCOV
239,LIVE
240,EXC
241,UNCOV
242,FAIL
243,UNCOV
244,UNCOV
245,UNCOV
246,UNCOV
247,UNCOV
248,UNCOV
249,LIVE
250,EXC
251,UNCOV
252,FAIL
253,UNCOV
254,UNCOV
255,LIVE
256,UNCOV
257,LIVE
258,LIVE
259,UNCOV
260,LIVE
261,EXC
262,UNCOV
263,LIVE
264,EXC
265,UNCOV
266,EXC
267,UNCOV
268,EXC
269,EXC
270,LIVE
271,UNCOV
272,LIVE
273,UNCOV
274,UNCOV
275,UNCOV
276,LIVE
277,LIVE
278,UNCOV
279,LIVE
280,FAIL
281,UNCOV
282,LIVE
283,FAIL
284,UNCOV
285,EXC
286,UNCOV
287,UNCOV
288,UNCOV
289,EXC
290,FAIL
291,LIVE
292,UNCOV
293,EXC
294,EXC
295,FAIL
296,EXC
297,TIME
298,EXC
299,EXC
300,TIME
301,LIVE
302,EXC
303,FAIL
304,FAIL
305,FAIL
306,LIVE
307,FAIL
308,LIVE
309,TIME
310,TIME
311,FAIL
312,LIVE
313,TIME
314,FAIL
315,EXC
316,FAIL
317,EXC
318,EXC
319,FAIL
320,FAIL
321,FAIL
322,FAIL
323,LIVE
324,LIVE
325,FAIL
326,LIVE
327,FAIL
328,FAIL
329,LIVE
330,FAIL
331,FAIL
332,FAIL
333,EXC
334,FAIL
335,UNCOV
336,UNCOV
337,UNCOV
338,UNCOV
339,UNCOV
340,UNCOV
341,UNCOV
342,UNCOV
343,UNCOV
344,UNCOV
345,UNCOV
346,UNCOV
347,UNCOV
348,UNCOV
349,UNCOV
350,UNCOV
351,UNCOV
352,UNCOV
353,UNCOV
354,UNCOV
355,UNCOV
356,UNCOV
357,UNCOV
358,UNCOV
359,UNCOV
360,UNCOV
361,UNCOV
362,UNCOV
363,UNCOV
364,UNCOV
365,UNCOV
366,UNCOV
367,UNCOV
368,UNCOV
369,UNCOV
370,UNCOV
371,UNCOV
372,UNCOV
373,UNCOV
374,UNCOV
375,EXC
376,LIVE
377,UNCOV
378,LIVE
379,EXC
380,UNCOV
381,LIVE
382,FAIL
383,UNCOV
384,EXC
385,UNCOV
386,EXC
387,FAIL
388,EXC
389,UNCOV
390,EXC
391,LIVE
392,UNCOV
393,LIVE
394,FAIL
395,LIVE
396,FAIL
397,EXC
398,LIVE
399,FAIL
400,UNCOV
401,EXC
402,LIVE
403,UNCOV
404,FAIL
405,FAIL
406,FAIL
407,LIVE
408,FAIL
409,UNCOV
410,EXC
411,FAIL
412,EXC
413,FAIL
414,FAIL
415,UNCOV
416,EXC
417,LIVE
418,UNCOV
419,FAIL
420,FAIL
421,FAIL
422,LIVE
423,EXC
424,UNCOV
425,EXC
426,LIVE
427,EXC
428,FAIL
429,EXC
430,UNCOV
431,UNCOV
432,UNCOV
433,UNCOV
434,UNCOV
435,UNCOV
436,UNCOV
437,UNCOV
438,UNCOV
439,UNCOV
440,UNCOV
441,UNCOV
442,UNCOV
443,UNCOV
444,UNCOV
445,UNCOV
446,UNCOV
447,UNCOV
448,UNCOV
449,UNCOV
450,UNCOV
451,UNCOV
452,UNCOV
453,UNCOV
454,UNCOV
455,UNCOV
456,UNCOV
457,UNCOV
458,UNCOV
459,UNCOV
460,UNCOV
461,UNCOV
462,UNCOV
463,UNCOV
464,UNCOV
465,UNCOV
466,UNCOV
467,UNCOV
468,UNCOV
469,UNCOV
470,UNCOV
471,UNCOV
472,UNCOV
473,UNCOV
474,UNCOV
475,UNCOV
476,UNCOV
477,UNCOV
478,UNCOV
479,UNCOV
480,UNCOV
481,UNCOV
482,UNCOV
483,UNCOV
484,UNCOV
485,UNCOV
486,UNCOV
487,UNCOV
488,UNCOV
489,UNCOV
490,UNCOV
491,UNCOV
492,UNCOV
493,UNCOV
494,UNCOV
495,UNCOV
496,UNCOV
497,UNCOV
498,UNCOV
499,UNCOV
500,UNCOV
501,UNCOV
502,UNCOV
503,UNCOV
504,UNCOV
505,EXC
506,LIVE
507,LIVE
508,UNCOV
509,LIVE
510,LIVE
511,LIVE
512,UNCOV
513,LIVE
514,LIVE
515,LIVE
516,LIVE
517,EXC
518,UNCOV
519,TIME
520,EXC
521,UNCOV
522,LIVE
523,LIVE
524,LIVE
525,LIVE
526,FAIL
527,UNCOV
528,UNCOV
529,EXC
530,FAIL
531,LIVE
532,LIVE
533,EXC
534,FAIL
