TestNo,MutantNo
29,8
29,9
29,10
29,16
29,17
29,18
29,20
29,21
29,23
29,24
29,25
29,26
29,27
29,28
29,29
29,30
29,31
29,32
29,33
29,34
29,35
29,36
29,37
29,38
29,39
29,40
29,41
29,55
29,56
29,57
29,63
29,64
29,65
29,66
29,67
29,68
29,69
29,70
29,71
29,72
29,73
29,74
29,152
29,153
29,154
29,155
29,156
29,157
29,158
29,159
29,163
29,164
29,165
29,166
29,169
29,170
29,171
29,172
29,173
29,343
29,344
29,345
29,346
29,347
29,355
29,356
29,357
29,358
40,1
40,2
40,3
40,4
40,5
40,6
40,7
40,8
40,9
40,10
40,16
40,17
40,18
40,20
40,21
40,23
40,24
40,25
40,26
40,27
40,28
40,29
40,30
40,31
40,32
40,33
40,34
40,35
40,36
40,37
40,38
40,39
40,40
40,41
40,44
40,45
40,46
40,47
40,48
40,49
40,50
40,51
40,52
40,53
40,55
40,56
40,57
40,58
40,59
40,60
40,61
40,63
40,64
40,65
40,66
40,67
40,68
40,69
40,70
40,71
40,72
40,73
40,74
40,152
40,153
40,154
40,155
40,156
40,157
40,158
40,159
40,163
40,164
40,165
40,166
40,169
40,170
40,171
40,172
40,173
40,343
40,344
40,345
40,346
40,347
40,355
40,356
40,357
40,358
46,1
46,2
46,3
46,4
46,5
46,6
46,7
46,8
46,9
46,10
46,16
46,17
46,18
46,20
46,21
46,23
46,24
46,25
46,26
46,27
46,28
46,29
46,30
46,31
46,32
46,33
46,34
46,35
46,36
46,37
46,38
46,39
46,40
46,41
46,55
46,56
46,57
46,58
46,59
46,60
46,61
46,63
46,64
46,65
46,66
46,67
46,68
46,69
46,70
46,71
46,72
46,73
46,74
46,128
46,129
46,130
46,131
46,132
46,133
46,134
46,135
46,136
46,152
46,153
46,154
46,155
46,156
46,157
46,158
46,159
46,163
46,164
46,165
46,166
46,169
46,170
46,171
46,172
46,173
46,343
46,344
46,345
46,346
46,347
46,355
46,356
46,357
46,358
46,2488
46,2489
46,2490
46,2491
46,2492
46,2493
46,2494
46,2495
46,2496
46,2497
46,2498
46,2499
46,2500
46,2501
46,2502
46,2503
46,2504
46,2505
46,2506
46,2507
46,2508
46,2509
46,2510
46,2511
46,2512
46,2513
46,2514
46,2515
46,2516
46,2517
46,2518
46,2519
46,2520
46,2521
46,2522
46,2524
46,2525
46,2526
46,2527
46,2528
46,2529
46,2530
46,2531
46,2532
46,2533
46,2534
46,2535
46,2536
46,2537
46,2538
46,2539
46,2540
46,2541
46,2542
46,2543
46,2544
46,2545
46,2546
46,2547
46,2548
46,2549
46,2550
46,2551
46,2552
46,2553
46,2554
46,2555
46,2556
46,2557
46,2558
46,2559
46,2560
46,2561
46,2562
46,2563
46,2564
46,2565
46,2566
46,2567
46,2568
46,2577
46,2578
46,2579
46,2580
46,2581
46,2582
46,2583
46,2584
46,2585
46,2586
46,2587
46,2588
46,2589
46,2590
46,2591
46,2592
46,2593
46,2594
46,2595
46,2600
46,2601
46,2602
46,2603
46,2604
46,2605
46,2606
46,2607
46,2608
46,2609
46,2610
46,2611
46,2612
46,2613
46,2614
46,2615
46,2616
46,2617
46,2618
46,2619
46,2620
46,2621
46,2622
46,2623
46,2624
46,2625
46,2626
46,2627
46,2628
46,2629
46,2630
46,2631
46,2632
46,2633
46,2634
46,2635
46,2636
46,2637
46,2638
46,2639
46,2640
46,2641
46,2642
46,2676
46,2677
46,2678
46,2683
46,2827
46,2828
46,2829
46,2830
46,2831
46,2832
46,2833
46,2834
46,2835
46,2836
46,2837
46,2838
46,2839
46,2840
46,2875
46,2876
46,2877
46,2878
46,3094
46,3095
46,3096
46,3097
46,3098
46,3099
46,3100
46,3101
46,3102
46,3103
46,3104
46,3105
46,3106
46,3107
46,3108
46,3109
46,3110
46,3111
46,3112
46,3113
46,3114
46,3115
46,3116
46,3117
46,3118
46,3119
46,3120
46,3121
46,3122
46,3123
46,3124
46,3125
46,3126
46,3127
46,3128
46,3129
46,3130
46,3131
46,3132
46,3133
46,3134
46,3135
46,3136
46,3137
46,3138
46,3139
47,1
47,2
47,3
47,4
47,5
47,6
47,7
47,8
47,9
47,10
47,16
47,17
47,18
47,20
47,21
47,23
47,24
47,25
47,26
47,27
47,28
47,29
47,30
47,31
47,32
47,33
47,34
47,35
47,36
47,37
47,38
47,39
47,40
47,41
47,55
47,56
47,57
47,58
47,59
47,60
47,61
47,63
47,64
47,65
47,66
47,67
47,68
47,69
47,70
47,71
47,72
47,73
47,74
47,76
47,77
47,78
47,79
47,84
47,85
47,86
47,87
47,92
47,93
47,94
47,95
47,152
47,153
47,154
47,155
47,156
47,157
47,158
47,159
47,160
47,161
47,162
47,163
47,164
47,165
47,166
47,167
47,168
47,169
47,170
47,171
47,172
47,173
47,204
47,205
47,206
47,207
47,208
47,209
47,210
47,211
47,212
47,213
47,214
47,215
47,216
47,217
47,218
47,219
47,220
47,221
47,222
47,223
47,224
47,225
47,226
47,227
47,228
47,229
47,230
47,231
47,232
47,233
47,234
47,235
47,236
47,237
47,238
47,239
47,240
47,343
47,344
47,345
47,346
47,347
47,348
47,349
47,350
47,351
47,352
47,353
47,354
47,355
47,356
47,357
47,358
47,360
47,361
47,362
47,363
47,364
47,365
47,366
47,367
47,368
47,369
47,370
47,371
47,372
47,373
47,374
47,375
47,376
47,377
47,537
47,538
47,539
47,540
47,541
47,542
47,545
47,546
47,547
47,550
47,551
47,552
47,553
47,554
47,555
47,556
47,557
47,558
47,559
47,560
47,561
47,562
47,563
47,564
47,565
47,566
47,567
47,568
47,569
47,950
47,951
47,952
47,953
47,954
47,955
47,956
47,957
47,958
47,959
47,960
47,961
47,962
47,963
47,964
47,965
47,966
47,967
47,968
47,969
47,970
47,971
47,972
47,973
47,974
47,1006
47,1007
47,1350
47,1351
47,1354
47,1355
47,1356
47,1357
47,1358
47,1361
47,1362
47,1363
47,1364
47,1365
47,1366
47,1367
47,1368
47,1369
47,1370
47,1401
47,1402
47,1403
47,1404
47,1405
47,1406
48,1
48,2
48,3
48,4
48,5
48,6
48,7
48,8
48,9
48,10
48,16
48,17
48,18
48,20
48,21
48,23
48,24
48,25
48,26
48,27
48,28
48,29
48,30
48,31
48,32
48,33
48,34
48,35
48,36
48,37
48,38
48,39
48,40
48,41
48,55
48,56
48,57
48,58
48,59
48,60
48,61
48,63
48,64
48,65
48,66
48,67
48,68
48,69
48,70
48,71
48,72
48,73
48,74
48,152
48,153
48,154
48,155
48,156
48,157
48,158
48,159
48,163
48,164
48,165
48,166
48,169
48,170
48,171
48,172
48,173
48,229
48,230
48,231
48,232
48,233
48,234
48,235
48,236
48,237
48,238
48,239
48,241
48,242
48,243
48,244
48,245
48,246
48,247
48,343
48,344
48,345
48,346
48,347
48,348
48,349
48,350
48,351
48,352
48,353
48,355
48,356
48,357
48,358
48,360
48,361
48,362
48,363
48,364
48,365
48,366
48,367
48,368
48,369
48,370
48,372
48,373
48,374
48,375
48,376
48,377
48,378
48,379
48,380
48,388
48,389
48,390
48,392
48,393
48,394
48,395
48,396
48,397
48,398
48,399
48,400
48,401
48,402
48,403
48,404
48,405
48,406
48,407
48,408
48,409
48,410
48,412
48,413
48,414
48,415
48,537
48,538
48,539
48,554
48,555
48,556
48,560
48,561
48,562
48,563
48,564
48,565
48,566
48,567
48,568
48,569
48,950
48,951
48,952
48,953
48,954
48,955
48,956
48,957
48,958
48,959
48,960
48,961
48,1350
48,1351
48,1354
48,1355
48,1356
48,1357
48,1358
48,1361
48,1362
48,1363
48,1364
48,1365
48,1366
48,1367
48,1368
48,1369
48,1370
48,1401
48,1402
48,1403
48,1404
48,1405
48,1406
54,1
54,2
54,3
54,4
54,5
54,6
54,7
54,8
54,9
54,10
54,16
54,17
54,18
54,20
54,21
54,23
54,24
54,25
54,26
54,27
54,28
54,29
54,30
54,31
54,32
54,33
54,34
54,35
54,36
54,37
54,38
54,39
54,40
54,41
54,42
54,43
54,55
54,56
54,57
54,58
54,59
54,60
54,61
54,62
54,63
54,64
54,65
54,66
54,67
54,68
54,69
54,70
54,71
54,72
54,73
54,74
54,100
54,101
54,102
54,103
54,142
54,143
54,144
54,145
54,146
54,147
54,148
54,152
54,153
54,154
54,155
54,156
54,157
54,158
54,159
54,163
54,164
54,165
54,166
54,169
54,170
54,171
54,172
54,173
54,174
54,175
54,176
54,191
54,192
54,193
54,194
54,195
54,196
54,197
54,198
54,343
54,344
54,345
54,346
54,347
54,355
54,356
54,357
54,358
54,1008
54,1009
54,1010
54,1011
54,1012
54,1013
54,1110
54,1111
54,1112
54,1113
54,1166
54,1167
54,1168
54,1169
54,1170
54,1171
54,1193
54,1194
54,1195
54,1196
54,1197
54,1198
54,1199
54,1200
54,1201
54,1202
54,1203
54,1204
54,1205
54,1206
54,1207
54,1208
54,1209
54,1210
54,1211
54,1212
54,1213
54,1214
54,1215
54,1216
54,1217
54,1245
54,1246
54,1247
54,1248
54,1249
54,1250
54,1251
54,1252
54,1253
54,1254
54,1255
54,1256
54,1257
54,1258
54,1259
54,1260
54,1261
54,1262
54,1263
54,1267
54,1268
54,1269
54,1270
54,1271
54,1272
54,1273
54,1274
54,1275
54,1276
54,1277
54,1278
54,1279
54,1280
54,1281
54,1282
54,1283
54,1284
54,1285
54,1286
54,1287
54,1288
54,1289
54,1290
54,1291
54,1292
54,1293
54,1294
54,1325
54,1326
54,1327
54,1328
54,1329
54,1330
54,1331
54,1332
54,1333
54,1334
54,1335
54,1336
54,1337
54,1338
54,1339
54,1340
54,1341
54,1342
54,1343
54,1344
54,1345
54,1346
54,1350
54,1351
54,1352
54,1353
54,1354
54,1355
54,1356
54,1357
54,1358
54,1359
54,1360
54,1361
54,1362
54,1363
54,1364
54,1365
54,1366
54,1367
54,1368
54,1369
54,1370
54,1377
54,1378
54,1379
54,1395
54,1396
54,1397
54,1398
54,1400
54,1401
54,1402
54,1403
54,1404
54,1405
54,1406
54,1407
54,1408
54,1409
54,1410
54,1411
54,1412
54,1413
54,1414
54,1416
54,1417
54,1418
54,1419
54,1420
54,1421
54,1422
54,1531
54,1532
54,1533
54,1534
54,1535
54,1536
54,1537
54,1538
54,1539
54,1540
54,1541
54,1543
54,1544
54,1545
54,1546
54,1547
54,1548
54,1549
54,1550
54,1551
54,1552
54,1553
54,1555
54,1556
54,1557
54,1558
54,1559
54,1560
54,1561
54,1562
54,1563
54,1564
54,1565
54,1580
54,1581
54,1582
54,1583
54,1584
55,8
55,9
55,10
55,16
55,17
55,18
55,20
55,21
55,23
55,24
55,25
55,26
55,27
55,28
55,29
55,30
55,31
55,32
55,33
55,34
55,35
55,36
55,37
55,38
55,39
55,40
55,41
55,55
55,56
55,57
55,63
55,64
55,65
55,66
55,67
55,68
55,69
55,70
55,71
55,72
55,73
55,74
55,152
55,153
55,154
55,155
55,156
55,157
55,158
55,159
55,163
55,164
55,165
55,166
55,169
55,170
55,171
55,172
55,173
55,229
55,230
55,231
55,232
55,233
55,241
55,242
55,243
55,244
55,248
55,249
55,250
55,251
55,252
55,253
55,254
55,255
55,256
55,257
55,258
55,259
55,260
55,261
55,262
55,263
55,264
55,265
55,266
55,267
55,268
55,276
55,277
55,278
55,279
55,280
55,281
55,289
55,290
55,291
55,293
55,294
55,295
55,296
55,297
55,298
55,299
55,300
55,301
55,302
55,303
55,304
55,305
55,306
55,307
55,308
55,309
55,310
55,311
55,313
55,314
55,315
55,316
55,327
55,328
55,329
55,330
55,331
55,332
55,333
55,334
55,335
55,336
55,343
55,344
55,345
55,346
55,347
55,355
55,356
55,357
55,358
55,360
55,361
55,362
55,363
55,364
55,372
55,373
55,374
55,375
55,376
55,377
55,388
55,389
55,390
55,392
55,393
55,394
55,395
55,396
55,397
55,398
55,399
55,400
55,401
55,402
55,403
55,404
55,405
55,406
55,407
55,408
55,409
55,410
55,412
55,413
55,414
55,415
55,431
55,432
55,433
55,434
55,435
55,443
55,444
55,445
55,453
55,454
55,455
55,456
55,457
55,458
55,459
55,460
55,461
55,462
55,463
55,464
55,465
55,466
55,467
55,468
55,469
55,470
55,471
55,472
55,473
55,474
55,475
55,477
55,478
55,479
55,480
55,537
55,538
55,539
55,554
55,555
55,556
55,560
55,561
55,562
55,563
55,564
55,565
55,566
55,567
55,568
55,569
55,950
55,951
55,952
55,953
55,954
55,955
55,956
55,957
55,962
55,963
55,964
55,965
55,966
55,967
55,968
55,969
55,970
55,971
55,972
55,973
55,974
55,977
55,978
55,979
55,980
55,981
55,982
55,983
55,984
55,985
55,986
55,987
55,988
55,1006
55,1007
55,1639
55,1640
55,1641
55,1642
55,1643
55,1644
55,1645
55,1646
55,1647
55,1648
55,1649
55,1650
55,1651
55,1652
55,1653
55,1654
55,1655
55,1656
55,1726
55,1727
55,1728
55,1729
55,1730
55,1731
55,1899
55,1900
55,1901
55,1906
55,1907
55,1908
55,1909
55,1910
55,1911
55,1912
55,1913
55,1914
55,1915
55,1916
55,1917
55,1918
55,1919
55,1920
55,1921
55,1922
55,1923
55,1924
55,1925
55,1926
55,1927
55,1937
55,1938
55,1939
55,2072
55,2073
55,2074
55,2075
55,2076
55,2077
55,2078
55,2079
55,2081
55,2087
55,2088
63,1
63,2
63,3
63,4
63,5
63,6
63,7
63,8
63,9
63,10
63,16
63,17
63,18
63,20
63,21
63,23
63,24
63,25
63,26
63,27
63,28
63,29
63,30
63,31
63,32
63,33
63,34
63,35
63,36
63,37
63,38
63,39
63,40
63,41
63,42
63,43
63,55
63,56
63,57
63,58
63,59
63,60
63,61
63,62
63,63
63,64
63,65
63,66
63,67
63,68
63,69
63,70
63,71
63,72
63,73
63,74
63,76
63,77
63,78
63,79
63,80
63,81
63,82
63,83
63,84
63,85
63,86
63,87
63,88
63,89
63,90
63,91
63,92
63,93
63,94
63,95
63,96
63,97
63,98
63,99
63,100
63,101
63,102
63,103
63,152
63,153
63,154
63,155
63,156
63,157
63,158
63,159
63,163
63,164
63,165
63,166
63,169
63,170
63,171
63,172
63,173
63,174
63,175
63,176
63,177
63,178
63,179
63,180
63,181
63,191
63,192
63,193
63,194
63,195
63,196
63,197
63,198
63,199
63,200
63,201
63,202
63,203
63,229
63,230
63,231
63,232
63,233
63,234
63,235
63,236
63,237
63,238
63,239
63,240
63,241
63,242
63,243
63,244
63,248
63,249
63,250
63,251
63,252
63,253
63,254
63,255
63,256
63,257
63,258
63,259
63,260
63,261
63,262
63,263
63,264
63,265
63,266
63,267
63,268
63,269
63,270
63,271
63,272
63,273
63,274
63,275
63,276
63,277
63,278
63,279
63,280
63,281
63,343
63,344
63,345
63,346
63,347
63,348
63,349
63,350
63,351
63,352
63,353
63,354
63,355
63,356
63,357
63,358
63,360
63,361
63,362
63,363
63,364
63,365
63,366
63,367
63,368
63,369
63,370
63,371
63,372
63,373
63,374
63,375
63,376
63,377
63,388
63,389
63,390
63,391
63,392
63,393
63,394
63,395
63,396
63,397
63,398
63,399
63,400
63,401
63,402
63,403
63,404
63,405
63,406
63,407
63,408
63,409
63,410
63,411
63,412
63,413
63,414
63,415
63,431
63,432
63,433
63,434
63,435
63,436
63,437
63,438
63,439
63,440
63,441
63,442
63,443
63,444
63,445
63,453
63,454
63,455
63,456
63,457
63,458
63,459
63,460
63,461
63,462
63,463
63,464
63,465
63,466
63,467
63,468
63,469
63,470
63,471
63,472
63,473
63,474
63,475
63,477
63,478
63,479
63,480
63,482
63,483
63,484
63,485
63,486
63,487
63,488
63,489
63,490
63,491
63,492
63,493
63,494
63,495
63,496
63,497
63,537
63,538
63,539
63,540
63,541
63,542
63,543
63,544
63,554
63,555
63,556
63,557
63,558
63,559
63,560
63,561
63,562
63,563
63,564
63,565
63,566
63,567
63,568
63,569
63,710
63,711
63,712
63,713
63,714
63,715
63,716
63,717
63,718
63,719
63,720
63,721
63,722
63,723
63,724
63,725
63,726
63,727
63,728
63,729
63,730
63,731
63,732
63,733
63,734
63,735
63,736
63,737
63,738
63,739
63,740
63,741
63,742
63,743
63,744
63,745
63,746
63,747
63,748
63,749
63,750
63,751
63,752
63,753
63,754
63,755
63,759
63,760
63,761
63,762
63,763
63,764
63,765
63,766
63,767
63,768
63,769
63,770
63,771
63,772
63,773
63,774
63,775
63,776
63,777
63,778
63,779
63,780
63,781
63,782
63,783
63,784
63,785
63,786
63,787
63,788
63,789
63,790
63,791
63,792
63,793
63,794
63,795
63,796
63,797
63,798
63,802
63,803
63,804
63,808
63,809
63,810
63,811
63,812
63,813
63,814
63,815
63,816
63,817
63,818
63,819
63,820
63,821
63,822
63,823
63,824
63,825
63,826
63,827
63,828
63,829
63,830
63,831
63,832
63,833
63,834
63,835
63,836
63,837
63,838
63,839
63,840
63,841
63,842
63,843
63,844
63,845
63,846
63,847
63,851
63,852
63,853
63,857
63,858
63,859
63,860
63,861
63,862
63,863
63,864
63,865
63,866
63,867
63,868
63,869
63,870
63,871
63,872
63,873
63,874
63,875
63,876
63,877
63,878
63,879
63,883
63,884
63,885
63,886
63,887
63,888
63,889
63,890
63,895
63,896
63,897
63,950
63,951
63,952
63,953
63,954
63,955
63,956
63,957
63,958
63,959
63,960
63,961
63,962
63,963
63,964
63,965
63,966
63,967
63,968
63,969
63,970
63,971
63,972
63,973
63,974
63,977
63,978
63,979
63,991
63,992
63,993
63,995
63,996
63,997
63,998
63,999
63,1000
63,1001
63,1002
63,1003
63,1004
63,1005
63,1006
63,1007
63,1008
63,1009
63,1010
63,1011
63,1012
63,1013
63,1014
63,1015
63,1016
63,1017
63,1018
63,1019
63,1020
63,1025
63,1026
63,1027
63,1034
63,1035
63,1036
63,1037
63,1038
63,1039
63,1040
63,1041
63,1042
63,1050
63,1051
63,1052
63,1053
63,1054
63,1055
63,1056
63,1057
63,1058
63,1067
63,1068
63,1069
63,1087
63,1088
63,1089
63,1091
63,1092
63,1093
63,1094
63,1097
63,1098
63,1099
63,1100
63,1101
63,1102
63,1103
63,1104
63,1105
63,1106
63,1107
63,1108
63,1109
63,1166
63,1167
63,1168
63,1173
63,1174
63,1175
63,1182
63,1183
63,1184
63,1185
63,1186
63,1187
63,1188
63,1189
63,1190
63,1191
63,1192
63,1350
63,1351
63,1352
63,1353
63,1354
63,1355
63,1356
63,1357
63,1358
63,1359
63,1360
63,1361
63,1362
63,1363
63,1364
63,1365
63,1366
63,1367
63,1368
63,1369
63,1370
63,1377
63,1378
63,1379
63,1395
63,1396
63,1397
63,1398
63,1400
63,1401
63,1402
63,1403
63,1404
63,1405
63,1406
63,1639
63,1640
63,1641
63,1642
63,1643
63,1644
63,1645
63,1646
63,1647
63,1648
63,1649
63,1650
63,1651
63,1652
63,1653
63,1654
63,1655
63,1656
63,1726
63,1727
63,1728
63,1729
63,1730
63,1731
63,1899
63,1900
63,1901
63,1902
63,1903
63,1904
63,1905
63,1906
63,1907
63,1908
63,1909
63,1910
63,1911
63,1912
63,1913
63,1914
63,1915
63,1916
63,1917
63,1918
63,1919
63,1920
63,1921
63,1922
63,1923
63,1924
63,1925
63,1926
63,1927
63,1937
63,1938
63,1939
63,2072
63,2073
63,2074
63,2075
63,2076
63,2077
63,2078
63,2079
63,2081
63,2087
64,1
64,2
64,3
64,4
64,5
64,6
64,7
64,8
64,9
64,10
64,16
64,17
64,18
64,20
64,21
64,23
64,24
64,25
64,26
64,27
64,28
64,29
64,30
64,31
64,32
64,33
64,34
64,35
64,36
64,37
64,38
64,39
64,40
64,41
64,42
64,43
64,55
64,56
64,57
64,58
64,59
64,60
64,61
64,62
64,63
64,64
64,65
64,66
64,67
64,68
64,69
64,70
64,71
64,72
64,73
64,74
64,76
64,77
64,78
64,79
64,80
64,81
64,82
64,83
64,84
64,85
64,86
64,87
64,100
64,101
64,102
64,103
64,152
64,153
64,154
64,155
64,156
64,157
64,158
64,159
64,163
64,164
64,165
64,166
64,169
64,170
64,171
64,172
64,173
64,229
64,230
64,231
64,232
64,233
64,234
64,235
64,236
64,237
64,238
64,239
64,240
64,241
64,242
64,243
64,244
64,248
64,249
64,250
64,251
64,252
64,253
64,254
64,255
64,256
64,257
64,258
64,259
64,260
64,261
64,262
64,263
64,264
64,265
64,266
64,267
64,268
64,269
64,270
64,271
64,272
64,273
64,274
64,275
64,276
64,277
64,278
64,279
64,280
64,281
64,289
64,290
64,291
64,292
64,293
64,294
64,295
64,296
64,297
64,298
64,299
64,300
64,301
64,302
64,303
64,304
64,305
64,306
64,307
64,308
64,309
64,310
64,311
64,312
64,313
64,314
64,315
64,316
64,327
64,328
64,329
64,330
64,331
64,332
64,333
64,334
64,335
64,336
64,337
64,338
64,339
64,340
64,341
64,342
64,343
64,344
64,345
64,346
64,347
64,348
64,349
64,350
64,351
64,352
64,353
64,354
64,355
64,356
64,357
64,358
64,431
64,432
64,433
64,434
64,435
64,443
64,444
64,445
64,453
64,454
64,455
64,456
64,457
64,458
64,459
64,460
64,461
64,462
64,463
64,464
64,465
64,466
64,467
64,468
64,469
64,470
64,471
64,472
64,473
64,474
64,475
64,477
64,478
64,479
64,480
64,537
64,538
64,539
64,554
64,555
64,556
64,557
64,558
64,559
64,560
64,561
64,562
64,563
64,564
64,565
64,566
64,567
64,568
64,569
64,710
64,711
64,712
64,713
64,714
64,715
64,716
64,717
64,718
64,719
64,720
64,721
64,722
64,723
64,724
64,725
64,726
64,727
64,728
64,729
64,730
64,731
64,732
64,733
64,734
64,735
64,736
64,737
64,738
64,739
64,740
64,741
64,742
64,743
64,744
64,745
64,746
64,747
64,748
64,749
64,753
64,754
64,755
64,759
64,760
64,761
64,762
64,763
64,764
64,765
64,766
64,767
64,768
64,769
64,770
64,771
64,772
64,773
64,774
64,775
64,776
64,777
64,778
64,779
64,780
64,781
64,782
64,783
64,784
64,785
64,786
64,787
64,788
64,789
64,790
64,791
64,792
64,793
64,794
64,795
64,796
64,797
64,798
64,802
64,803
64,804
64,808
64,809
64,810
64,811
64,812
64,813
64,814
64,864
64,865
64,866
64,867
64,868
64,869
64,870
64,871
64,872
64,873
64,877
64,878
64,879
64,883
64,884
64,885
64,886
64,887
64,888
64,889
64,890
64,950
64,951
64,952
64,953
64,954
64,955
64,956
64,957
64,958
64,959
64,960
64,961
64,962
64,963
64,964
64,965
64,966
64,967
64,968
64,969
64,970
64,971
64,972
64,973
64,974
64,975
64,976
64,977
64,978
64,979
64,991
64,992
64,993
64,995
64,996
64,997
64,998
64,999
64,1000
64,1001
64,1002
64,1003
64,1004
64,1005
64,1008
64,1009
64,1010
64,1011
64,1012
64,1013
64,1014
64,1015
64,1016
64,1017
64,1018
64,1019
64,1020
64,1025
64,1026
64,1027
64,1034
64,1035
64,1036
64,1037
64,1038
64,1039
64,1040
64,1041
64,1042
64,1043
64,1044
64,1045
64,1046
64,1047
64,1048
64,1049
64,1050
64,1051
64,1052
64,1053
64,1054
64,1055
64,1056
64,1057
64,1058
64,1067
64,1068
64,1069
64,1087
64,1088
64,1089
64,1091
64,1092
64,1093
64,1094
64,1095
64,1096
64,1097
64,1098
64,1099
64,1100
64,1101
64,1102
64,1103
64,1104
64,1105
64,1106
64,1107
64,1108
64,1109
64,1166
64,1167
64,1168
64,1173
64,1174
64,1175
64,1182
64,1183
64,1184
64,1185
64,1186
64,1187
64,1188
64,1189
64,1190
64,1191
64,1192
64,1350
64,1351
64,1352
64,1353
64,1354
64,1355
64,1356
64,1357
64,1358
64,1359
64,1360
64,1361
64,1362
64,1363
64,1364
64,1365
64,1366
64,1367
64,1368
64,1369
64,1370
64,1371
64,1372
64,1373
64,1374
64,1375
64,1376
64,1377
64,1378
64,1379
64,1395
64,1396
64,1397
64,1398
64,1400
64,1401
64,1402
64,1403
64,1404
64,1405
64,1406
64,1407
64,1408
64,1409
64,1410
64,1411
64,1412
64,1413
64,1414
64,1416
64,1417
64,1418
64,1419
64,1420
64,1421
64,1422
64,1423
64,1424
64,1425
64,1426
64,1427
64,1428
64,1429
64,1430
64,1431
64,1432
64,1433
64,1434
64,1435
64,1436
64,1437
64,1438
64,1439
64,1440
64,1442
64,1443
64,1444
64,1446
64,1447
64,1448
64,1449
64,1450
64,1451
64,1452
64,1453
64,1454
64,1455
64,1456
64,1457
64,1458
64,1459
64,1528
64,1529
64,1530
64,1531
64,1532
64,1533
64,1534
64,1535
64,1536
64,1537
64,1538
64,1539
64,1540
64,1541
64,1543
64,1544
64,1545
64,1546
64,1547
64,1548
64,1549
64,1550
64,1551
64,1552
64,1553
64,1555
64,1556
64,1557
64,1558
64,1559
64,1560
64,1561
64,1562
64,1563
64,1564
64,1565
64,1580
64,1581
64,1582
64,1583
64,1584
64,1639
64,1640
64,1641
64,1642
64,1643
64,1644
64,1645
64,1646
64,1647
64,1648
64,1649
64,1650
64,1651
64,1652
64,1653
64,1654
64,1655
64,1656
64,1657
64,1658
64,1659
64,1660
64,1661
64,1662
64,1663
64,1664
64,1665
64,1666
64,1667
64,1668
64,1669
64,1670
64,1671
64,1672
64,1673
64,1674
64,1675
64,1676
64,1677
64,1678
64,1679
64,1680
64,1681
64,1682
64,1683
64,1684
64,1685
64,1686
64,1687
64,1688
64,1689
64,1690
64,1691
64,1692
64,1693
64,1694
64,1695
64,1696
64,1697
64,1698
64,1699
64,1700
64,1701
64,1702
64,1703
64,1704
64,1705
64,1706
64,1707
64,1708
64,1709
64,1710
64,1711
64,1712
64,1713
64,1720
64,1721
64,1722
64,1723
64,1724
64,1725
64,1726
64,1727
64,1728
64,1729
64,1730
64,1731
64,1736
64,1737
64,1738
64,1739
64,1740
64,1741
64,1742
64,1743
64,1744
64,1745
64,1746
64,1747
64,1748
64,1749
64,1750
64,1751
64,1752
64,1753
64,1754
64,1755
64,1756
64,1757
64,1758
64,1759
64,1760
64,1761
64,1762
64,1763
64,1764
64,1765
64,1766
64,1767
64,1768
64,1769
64,1770
64,1771
64,1772
64,1773
64,1774
64,1775
64,1776
64,1777
64,1778
64,1779
64,1780
64,1781
64,1782
64,1783
64,1784
64,1785
64,1786
64,1787
64,1788
64,1789
64,1790
64,1791
64,1792
64,1793
64,1794
64,1795
64,1796
64,1797
64,1798
64,1799
64,1800
64,1801
64,1802
64,1803
64,1804
64,1805
64,1806
64,1807
64,1820
64,1821
64,1822
64,1823
64,1824
64,1825
64,1826
64,1827
64,1828
64,1835
64,1836
64,1837
64,1838
64,1839
64,1840
64,1841
64,1842
64,1843
64,1844
64,1845
64,1846
64,1847
64,1848
64,1849
64,1850
64,1851
64,1858
64,1859
64,1860
64,1861
64,1862
64,1863
64,1864
64,1865
64,1866
64,1867
64,1868
64,1869
64,1870
64,1871
64,1872
64,1873
64,1874
64,1881
64,1882
64,1883
64,1884
64,1885
64,1886
64,1887
64,1888
64,1889
64,1890
64,1891
64,1892
64,1893
64,1894
64,1895
64,1899
64,1900
64,1901
64,1902
64,1903
64,1904
64,1905
64,1906
64,1907
64,1908
64,1909
64,1910
64,1911
64,1912
64,1913
64,1914
64,1915
64,1916
64,1917
64,1918
64,1919
64,1920
64,1921
64,1922
64,1923
64,1924
64,1925
64,1926
64,1927
64,1928
64,1929
64,1930
64,1932
64,1933
64,1934
64,1935
64,1936
64,1937
64,1938
64,1939
64,2072
64,2073
64,2074
64,2075
64,2076
64,2077
64,2078
64,2079
64,2081
64,2087
64,2088
71,1
71,2
71,3
71,4
71,5
71,6
71,7
71,8
71,9
71,10
71,16
71,17
71,18
71,20
71,21
71,23
71,24
71,25
71,26
71,27
71,28
71,29
71,30
71,31
71,32
71,33
71,34
71,35
71,36
71,37
71,38
71,39
71,40
71,41
71,42
71,43
71,55
71,56
71,57
71,58
71,59
71,60
71,61
71,62
71,63
71,64
71,65
71,66
71,67
71,68
71,69
71,70
71,71
71,72
71,73
71,74
71,84
71,85
71,86
71,87
71,152
71,153
71,154
71,155
71,156
71,157
71,158
71,159
71,163
71,164
71,165
71,166
71,169
71,170
71,171
71,172
71,173
71,229
71,230
71,231
71,232
71,233
71,241
71,242
71,243
71,244
71,245
71,246
71,247
71,248
71,249
71,250
71,251
71,252
71,253
71,254
71,255
71,256
71,257
71,258
71,259
71,260
71,261
71,262
71,263
71,264
71,265
71,266
71,267
71,268
71,276
71,277
71,278
71,279
71,280
71,281
71,343
71,344
71,345
71,346
71,347
71,348
71,349
71,350
71,351
71,352
71,353
71,354
71,355
71,356
71,357
71,358
71,431
71,432
71,433
71,434
71,435
71,443
71,444
71,445
71,453
71,454
71,455
71,456
71,457
71,458
71,459
71,460
71,461
71,462
71,463
71,464
71,465
71,466
71,467
71,468
71,469
71,477
71,478
71,479
71,480
71,537
71,538
71,539
71,540
71,541
71,542
71,545
71,546
71,547
71,548
71,549
71,554
71,555
71,556
71,557
71,558
71,559
71,560
71,561
71,562
71,563
71,564
71,565
71,566
71,567
71,568
71,569
71,766
71,767
71,768
71,769
71,770
71,771
71,772
71,773
71,774
71,775
71,776
71,777
71,778
71,779
71,780
71,781
71,782
71,783
71,784
71,785
71,786
71,787
71,788
71,789
71,790
71,791
71,792
71,793
71,794
71,795
71,796
71,797
71,798
71,799
71,800
71,801
71,802
71,803
71,804
71,805
71,806
71,807
71,808
71,809
71,810
71,811
71,812
71,813
71,814
71,864
71,865
71,866
71,867
71,868
71,869
71,870
71,871
71,872
71,873
71,874
71,875
71,876
71,877
71,878
71,879
71,880
71,881
71,882
71,883
71,884
71,885
71,886
71,887
71,888
71,889
71,890
71,1639
71,1640
71,1641
71,1642
71,1643
71,1644
71,1645
71,1646
71,1647
71,1648
71,1649
71,1650
71,1651
71,1652
71,1653
71,1654
71,1655
71,1656
71,1657
71,1658
71,1659
71,1660
71,1661
71,1662
71,1663
71,1664
71,1665
71,1666
71,1667
71,1668
71,1669
71,1670
71,1671
71,1672
71,1673
71,1674
71,1675
71,1676
71,1677
71,1678
71,1679
71,1680
71,1681
71,1682
71,1683
71,1684
71,1685
71,1686
71,1687
71,1688
71,1689
71,1690
71,1691
71,1692
71,1693
71,1694
71,1695
71,1696
71,1697
71,1698
71,1699
71,1700
71,1701
71,1702
71,1703
71,1704
71,1705
71,1706
71,1707
71,1708
71,1709
71,1710
71,1711
71,1712
71,1713
71,1714
71,1715
71,1716
71,1717
71,1718
71,1719
71,1720
71,1721
71,1722
71,1723
71,1724
71,1725
71,1726
71,1727
71,1728
71,1729
71,1730
71,1731
71,1732
71,1733
71,1734
71,1735
71,1736
71,1737
71,1738
71,1739
71,1740
71,1741
71,1742
71,1743
71,1744
71,1745
71,1746
71,1747
71,1748
71,1749
71,1750
71,1751
71,1752
71,1753
71,1754
71,1755
71,1756
71,1757
71,1758
71,1759
71,1760
71,1761
71,1762
71,1763
71,1764
71,1765
71,1766
71,1767
71,1768
71,1769
71,1770
71,1771
71,1772
71,1773
71,1774
71,1775
71,1776
71,1777
71,1778
71,1779
71,1780
71,1781
71,1782
71,1783
71,1784
71,1785
71,1786
71,1787
71,1788
71,1789
71,1790
71,1791
71,1792
71,1793
71,1794
71,1795
71,1796
71,1797
71,1798
71,1799
71,1800
71,1801
71,1802
71,1803
71,1804
71,1805
71,1806
71,1807
71,1808
71,1809
71,1810
71,1811
71,1812
71,1813
71,1814
71,1815
71,1816
71,1817
71,1818
71,1819
71,1820
71,1821
71,1822
71,1823
71,1824
71,1825
71,1826
71,1827
71,1828
71,1829
71,1830
71,1831
71,1832
71,1833
71,1834
71,1835
71,1836
71,1837
71,1838
71,1839
71,1840
71,1841
71,1842
71,1843
71,1844
71,1845
71,1846
71,1847
71,1848
71,1849
71,1850
71,1851
71,1852
71,1853
71,1854
71,1855
71,1856
71,1857
71,1858
71,1859
71,1860
71,1861
71,1862
71,1863
71,1864
71,1865
71,1866
71,1867
71,1868
71,1869
71,1870
71,1871
71,1872
71,1873
71,1874
71,1875
71,1876
71,1877
71,1878
71,1879
71,1880
71,1881
71,1882
71,1883
71,1884
71,1885
71,1886
71,1887
71,1888
71,1889
71,1890
71,1891
71,1892
71,1893
71,1894
71,1895
71,1896
71,1897
71,1898
71,1899
71,1900
71,1901
71,1902
71,1903
71,1904
71,1905
71,1906
71,1907
71,1908
71,1909
71,1910
71,1911
71,1912
71,1913
71,1914
71,1915
71,1916
71,1917
71,1918
71,1919
71,1920
71,1921
71,1922
71,1923
71,1924
71,1925
71,1926
71,1927
71,1928
71,1929
71,1930
71,1932
71,1933
71,1934
71,1935
71,1936
71,1937
71,1938
71,1939
71,1940
71,1941
71,1942
71,1944
71,1945
71,1946
71,1947
71,1948
71,1949
71,1950
71,1951
71,1952
71,1953
71,1954
71,1955
71,1956
71,1957
71,1959
71,1960
71,1961
71,1962
71,1963
71,1964
71,1965
71,1966
71,1967
71,1968
71,1969
71,1970
71,1971
71,1972
71,1973
71,1974
71,1975
71,1976
71,1977
71,1978
71,1979
71,1980
71,1981
71,1982
71,1983
71,1984
71,1985
71,1986
71,1987
71,1988
71,1989
71,1990
71,1991
71,1992
71,1993
71,1994
71,1995
71,1996
71,1997
71,1998
71,1999
71,2000
71,2001
71,2002
71,2003
71,2004
71,2005
71,2006
71,2007
71,2008
71,2009
71,2010
71,2011
71,2012
71,2013
71,2014
71,2015
71,2016
71,2017
71,2025
71,2026
71,2027
71,2028
71,2029
71,2030
71,2031
71,2032
71,2033
71,2034
71,2035
71,2036
71,2037
71,2038
71,2039
71,2040
71,2041
71,2042
71,2043
71,2044
71,2045
71,2046
71,2047
71,2048
71,2049
71,2050
71,2051
71,2052
71,2053
71,2054
71,2055
71,2056
71,2057
71,2058
71,2059
71,2060
71,2061
71,2062
71,2063
71,2064
71,2065
71,2066
71,2067
71,2068
71,2069
71,2070
71,2071
71,2072
71,2073
71,2074
71,2075
71,2076
71,2077
71,2078
71,2079
71,2081
71,2087
71,2088
71,2096
71,2097
71,2098
71,2099
71,2100
71,2101
71,2102
71,2103
71,2104
71,2105
71,2106
71,2107
71,2108
71,2178
71,2179
71,2180
71,2181
71,2182
71,2183
71,2184
71,2185
71,2186
71,2187
71,2188
71,2189
71,2190
71,2191
71,2192
71,2193
71,2194
71,2195
71,2196
71,2197
71,2198
71,2199
71,2200
71,2201
71,2202
71,2203
71,2204
71,2205
71,2206
71,2208
71,2209
71,2210
71,2211
71,2212
71,2213
71,2214
71,2215
71,2216
71,2217
71,2218
71,2219
71,2220
71,2221
71,2222
71,2223
71,2224
71,2225
71,2226
71,2227
71,2228
71,2229
71,2230
71,2231
71,2233
71,2234
71,2235
71,2236
71,2237
71,2238
71,2239
71,2240
71,2241
71,2242
71,2243
71,2244
71,2245
71,2246
71,2247
71,2248
71,2249
71,2250
71,2251
71,2252
71,2253
71,2254
71,2255
71,2256
71,2257
71,2258
71,2259
71,2260
71,2261
71,2262
71,2263
71,2264
71,2265
71,2266
71,2267
71,2268
71,2269
71,2270
71,2271
71,2272
71,2273
71,2274
71,2275
71,2276
71,2277
71,2278
71,2279
71,2280
71,2281
71,2293
71,2294
71,2295
71,2296
71,2297
71,2298
71,2299
71,2300
71,2301
71,2302
71,2303
71,2304
71,2305
71,2306
71,2307
71,2308
71,2309
71,2310
71,2311
71,2312
71,2313
71,2314
71,2315
71,2316
71,2317
71,2318
71,2319
71,2320
71,2321
71,2322
71,2323
71,2324
71,2325
71,2326
71,2327
71,2328
71,2329
71,2330
71,2331
71,2332
71,2333
71,2334
71,2335
71,2336
71,2337
71,2339
71,2340
71,2341
71,2342
71,2343
71,2344
71,2345
71,2346
71,2347
71,2348
71,2349
71,2350
71,2351
71,2353
71,2359
71,2360
71,2361
71,2362
71,2363
71,2364
71,2365
71,2366
71,2367
71,2368
71,2369
71,2373
71,2374
71,2375
71,2376
71,2377
71,2378
71,2379
71,2380
71,2381
71,2382
71,2383
71,2384
71,2385
71,2386
71,2387
71,2388
71,2389
71,2390
71,2391
71,2392
71,2393
71,2394
71,2395
71,2396
71,2397
71,2398
71,2399
71,2400
71,2401
71,2402
71,2403
71,2404
71,2405
71,2406
71,2407
71,2408
71,2409
71,2410
71,2411
71,2412
71,2413
71,2414
71,2415
71,2416
71,2417
71,2418
71,2419
71,2420
71,2421
71,2422
71,2423
71,2424
71,2425
71,2426
71,2427
71,2428
71,2429
71,2430
71,2438
71,2439
71,2440
71,2441
71,2442
71,2443
71,2444
71,2445
71,2446
71,2447
71,2448
71,2449
71,2450
71,2451
71,2452
71,2453
71,2454
71,2455
71,2456
71,2457
71,2458
71,2459
71,2460
71,2461
71,2462
71,2463
71,2464
71,2465
71,2466
71,2467
71,2468
71,2469
71,2470
71,2471
71,2472
71,2473
71,2474
71,2475
71,2476
71,2477
71,2478
71,2479
71,2480
71,2481
71,2482
71,2483
71,2484
71,2485
71,2486
71,2487
71,2488
71,2489
71,2490
71,2491
71,2492
71,2493
71,2494
71,2495
71,2496
71,2497
71,2498
71,2499
71,2500
71,2501
71,2502
71,2503
71,2504
71,2505
71,2506
71,2507
71,2508
71,2509
71,2510
71,2511
71,2512
71,2513
71,2514
71,2515
71,2516
71,2517
71,2518
71,2519
71,2520
71,2521
71,2522
71,2524
71,2525
71,2526
71,2527
71,2528
71,2529
71,2530
71,2531
71,2532
71,2533
71,2534
71,2535
71,2536
71,2537
71,2538
71,2539
71,2540
71,2541
71,2542
71,2543
71,2544
71,2545
71,2546
71,2547
71,3081
71,3082
71,3083
71,3084
71,3085
71,3086
71,3087
71,3088
71,3089
71,3090
71,3091
71,3092
71,3093
71,3094
71,3095
71,3096
71,3097
71,3098
71,3099
71,3100
71,3101
71,3102
71,3103
71,3104
71,3105
71,3106
71,3107
71,3108
71,3109
71,3110
71,3111
71,3112
71,3113
71,3114
71,3115
71,3116
71,3117
71,3118
71,3119
71,3120
71,3121
71,3122
71,3123
71,3124
71,3125
71,3126
71,3127
71,3128
71,3129
71,3130
71,3131
71,3132
71,3133
71,3134
71,3135
71,3136
71,3137
71,3138
71,3139
72,1
72,2
72,3
72,4
72,5
72,6
72,7
72,8
72,9
72,10
72,16
72,17
72,18
72,20
72,21
72,23
72,24
72,25
72,26
72,27
72,28
72,29
72,30
72,31
72,32
72,33
72,34
72,35
72,36
72,37
72,38
72,39
72,40
72,41
72,55
72,56
72,57
72,58
72,59
72,60
72,61
72,63
72,64
72,65
72,66
72,67
72,68
72,69
72,70
72,71
72,72
72,73
72,74
72,84
72,85
72,86
72,87
72,88
72,89
72,90
72,91
72,92
72,93
72,94
72,95
72,100
72,101
72,102
72,103
72,152
72,153
72,154
72,155
72,156
72,157
72,158
72,159
72,163
72,164
72,165
72,166
72,169
72,170
72,171
72,172
72,173
72,343
72,344
72,345
72,346
72,347
72,348
72,349
72,350
72,351
72,352
72,353
72,354
72,355
72,356
72,357
72,358
72,359
72,360
72,361
72,362
72,363
72,364
72,365
72,366
72,367
72,368
72,369
72,370
72,371
72,372
72,373
72,374
72,375
72,376
72,377
72,388
72,389
72,390
72,391
72,392
72,393
72,394
72,395
72,396
72,397
72,398
72,399
72,400
72,401
72,402
72,403
72,404
72,405
72,406
72,407
72,408
72,409
72,410
72,411
72,412
72,413
72,414
72,415
72,430
72,482
72,483
72,484
72,485
72,486
72,487
72,488
72,489
72,490
72,491
72,492
72,493
72,494
72,495
72,496
72,497
72,512
72,530
72,531
72,532
72,533
72,534
72,535
72,537
72,538
72,539
72,554
72,555
72,556
72,557
72,558
72,559
72,560
72,561
72,562
72,563
72,564
72,565
72,566
72,567
72,568
72,569
72,901
72,902
72,903
72,904
72,905
72,906
72,907
72,908
72,909
72,910
72,911
72,912
72,913
72,914
72,915
72,916
72,917
72,918
72,922
72,923
72,924
72,925
72,926
72,927
72,928
72,929
72,1008
72,1009
72,1010
72,1011
72,1012
72,1013
72,1014
72,1015
72,1016
72,1017
72,1018
72,1019
72,1020
72,1025
72,1026
72,1027
72,1028
72,1029
72,1030
72,1031
72,1032
72,1166
72,1167
72,1168
72,1173
72,1174
72,1175
72,1176
72,1177
72,1178
72,1179
72,1180
73,1
73,2
73,3
73,4
73,5
73,6
73,7
73,8
73,9
73,10
73,16
73,17
73,18
73,20
73,21
73,23
73,24
73,25
73,26
73,27
73,28
73,29
73,30
73,31
73,32
73,33
73,34
73,35
73,36
73,37
73,38
73,39
73,40
73,41
73,42
73,43
73,55
73,56
73,57
73,58
73,59
73,60
73,61
73,62
73,63
73,64
73,65
73,66
73,67
73,68
73,69
73,70
73,71
73,72
73,73
73,74
73,84
73,85
73,86
73,87
73,100
73,101
73,102
73,103
73,104
73,105
73,106
73,107
73,108
73,109
73,110
73,111
73,112
73,113
73,140
73,141
73,142
73,143
73,144
73,145
73,146
73,147
73,148
73,152
73,153
73,154
73,155
73,156
73,157
73,158
73,159
73,163
73,164
73,165
73,166
73,169
73,170
73,171
73,172
73,173
73,174
73,175
73,176
73,191
73,192
73,193
73,194
73,195
73,196
73,197
73,198
73,199
73,200
73,201
73,202
73,203
73,343
73,344
73,345
73,346
73,347
73,348
73,349
73,350
73,351
73,352
73,353
73,354
73,355
73,356
73,357
73,358
73,537
73,538
73,539
73,554
73,555
73,556
73,557
73,558
73,559
73,560
73,561
73,562
73,563
73,564
73,565
73,566
73,567
73,568
73,569
73,950
73,951
73,952
73,953
73,954
73,955
73,956
73,957
73,958
73,959
73,960
73,961
73,962
73,963
73,964
73,965
73,966
73,967
73,968
73,969
73,970
73,971
73,972
73,973
73,974
73,975
73,976
73,977
73,978
73,979
73,980
73,981
73,982
73,986
73,987
73,988
73,989
73,990
73,991
73,992
73,993
73,995
73,996
73,997
73,998
73,999
73,1000
73,1001
73,1002
73,1003
73,1004
73,1005
73,1006
73,1007
73,1008
73,1009
73,1010
73,1011
73,1012
73,1013
73,1014
73,1015
73,1016
73,1017
73,1018
73,1019
73,1020
73,1025
73,1026
73,1027
73,1034
73,1035
73,1036
73,1037
73,1038
73,1039
73,1040
73,1041
73,1042
73,1043
73,1044
73,1045
73,1046
73,1047
73,1048
73,1049
73,1050
73,1051
73,1052
73,1053
73,1054
73,1055
73,1056
73,1057
73,1058
73,1059
73,1060
73,1061
73,1062
73,1063
73,1064
73,1065
73,1066
73,1067
73,1068
73,1069
73,1087
73,1088
73,1089
73,1091
73,1092
73,1093
73,1094
73,1095
73,1096
73,1097
73,1098
73,1099
73,1100
73,1101
73,1102
73,1103
73,1104
73,1105
73,1106
73,1107
73,1108
73,1109
73,1110
73,1111
73,1112
73,1113
73,1114
73,1115
73,1116
73,1117
73,1118
73,1119
73,1120
73,1121
73,1122
73,1123
73,1124
73,1125
73,1126
73,1127
73,1128
73,1129
73,1130
73,1131
73,1132
73,1133
73,1134
73,1135
73,1136
73,1137
73,1138
73,1142
73,1143
73,1144
73,1145
73,1146
73,1147
73,1148
73,1149
73,1150
73,1151
73,1152
73,1153
73,1164
73,1165
73,1166
73,1167
73,1168
73,1173
73,1174
73,1175
73,1182
73,1183
73,1184
73,1185
73,1186
73,1187
73,1188
73,1189
73,1190
73,1191
73,1192
73,1193
73,1194
73,1195
73,1197
73,1198
73,1199
73,1200
73,1201
73,1202
73,1203
73,1204
73,1205
73,1206
73,1207
73,1208
73,1209
73,1210
73,1211
73,1212
73,1213
73,1214
73,1215
73,1216
73,1217
73,1218
73,1219
73,1220
73,1224
73,1225
73,1226
73,1227
73,1228
73,1229
73,1230
73,1231
73,1232
73,1233
73,1234
73,1264
73,1265
73,1266
73,1350
73,1351
73,1352
73,1353
73,1354
73,1355
73,1356
73,1357
73,1358
73,1359
73,1360
73,1361
73,1362
73,1363
73,1364
73,1365
73,1366
73,1367
73,1368
73,1369
73,1370
73,1371
73,1372
73,1373
73,1374
73,1375
73,1376
73,1377
73,1378
73,1379
73,1380
73,1381
73,1382
73,1386
73,1387
73,1388
73,1389
73,1390
73,1391
73,1392
73,1393
73,1394
73,1395
73,1396
73,1397
73,1398
73,1400
73,1401
73,1402
73,1403
73,1404
73,1405
73,1406
73,1407
73,1408
73,1409
73,1410
73,1411
73,1412
73,1413
73,1414
73,1416
73,1417
73,1418
73,1419
73,1420
73,1421
73,1422
73,1423
73,1424
73,1425
73,1426
73,1427
73,1428
73,1429
73,1430
73,1431
73,1432
73,1433
73,1434
73,1435
73,1436
73,1437
73,1438
73,1439
73,1440
73,1442
73,1443
73,1444
73,1446
73,1447
73,1448
73,1449
73,1450
73,1451
73,1452
73,1453
73,1454
73,1455
73,1456
73,1457
73,1458
73,1459
73,1460
73,1461
73,1462
73,1464
73,1465
73,1466
73,1467
73,1468
73,1469
73,1470
73,1471
73,1472
73,1473
73,1474
73,1475
73,1476
73,1477
73,1478
73,1479
73,1480
73,1481
73,1482
73,1483
73,1484
73,1485
73,1487
73,1488
73,1489
73,1490
73,1491
73,1492
73,1493
73,1494
73,1495
73,1496
73,1497
73,1498
73,1499
73,1500
73,1501
73,1502
73,1503
73,1504
73,1505
73,1506
73,1507
73,1508
73,1509
73,1511
73,1512
73,1513
73,1514
73,1515
73,1516
73,1517
73,1518
73,1519
73,1520
73,1521
73,1522
73,1523
73,1524
73,1525
73,1526
73,1528
73,1529
73,1530
73,1531
73,1532
73,1533
73,1534
73,1535
73,1536
73,1537
73,1538
73,1539
73,1540
73,1541
73,1543
73,1544
73,1545
73,1546
73,1547
73,1548
73,1549
73,1550
73,1551
73,1552
73,1553
73,1555
73,1556
73,1557
73,1558
73,1559
73,1560
73,1561
73,1562
73,1563
73,1564
73,1565
73,1566
73,1567
73,1568
73,1569
73,1570
73,1571
73,1572
73,1573
73,1574
73,1575
73,1576
73,1577
73,1578
73,1579
73,1580
73,1581
73,1582
73,1583
73,1584
73,1585
73,1586
73,1587
73,1588
73,1589
73,1590
73,1591
73,1592
73,1593
73,1594
73,1595
73,1596
73,1597
73,1598
73,1599
73,1600
73,1601
73,1602
73,1603
73,1604
73,1605
73,1606
73,1607
73,1608
73,1609
73,1610
73,1611
73,1612
73,1613
73,1614
73,1615
73,1616
73,1617
73,1618
73,1620
73,1621
73,1622
73,1623
73,1624
73,1625
73,1626
73,1627
73,1628
73,1629
73,1630
73,1631
73,1632
73,1633
73,1634
73,1636
73,1637
73,1638
74,1
74,2
74,3
74,4
74,5
74,6
74,7
74,8
74,9
74,10
74,16
74,17
74,18
74,20
74,21
74,23
74,24
74,25
74,26
74,27
74,28
74,29
74,30
74,31
74,32
74,33
74,34
74,35
74,36
74,37
74,38
74,39
74,40
74,41
74,42
74,43
74,55
74,56
74,57
74,58
74,59
74,60
74,61
74,62
74,63
74,64
74,65
74,66
74,67
74,68
74,69
74,70
74,71
74,72
74,73
74,74
74,76
74,77
74,78
74,79
74,84
74,85
74,86
74,87
74,114
74,115
74,116
74,117
74,118
74,119
74,120
74,121
74,122
74,152
74,153
74,154
74,155
74,156
74,157
74,158
74,159
74,163
74,164
74,165
74,166
74,169
74,170
74,171
74,172
74,173
74,229
74,230
74,231
74,232
74,233
74,241
74,242
74,243
74,244
74,248
74,249
74,250
74,251
74,252
74,253
74,254
74,255
74,256
74,257
74,258
74,259
74,260
74,261
74,262
74,263
74,264
74,265
74,266
74,267
74,268
74,276
74,277
74,278
74,279
74,280
74,281
74,289
74,290
74,291
74,292
74,293
74,294
74,295
74,296
74,297
74,298
74,299
74,300
74,301
74,302
74,303
74,304
74,305
74,313
74,314
74,315
74,316
74,327
74,328
74,329
74,330
74,331
74,332
74,333
74,334
74,335
74,336
74,337
74,338
74,339
74,340
74,341
74,342
74,343
74,344
74,345
74,346
74,347
74,355
74,356
74,357
74,358
74,431
74,432
74,433
74,434
74,435
74,443
74,444
74,445
74,453
74,454
74,455
74,456
74,457
74,458
74,459
74,460
74,461
74,462
74,463
74,464
74,465
74,466
74,467
74,468
74,469
74,477
74,478
74,479
74,480
74,1639
74,1640
74,1641
74,1642
74,1643
74,1644
74,1645
74,1646
74,1647
74,1648
74,1649
74,1650
74,1651
74,1652
74,1653
74,1654
74,1655
74,1656
74,1657
74,1658
74,1659
74,1660
74,1661
74,1662
74,1663
74,1664
74,1665
74,1666
74,1667
74,1668
74,1669
74,1670
74,1671
74,1672
74,1673
74,1674
74,1675
74,1676
74,1677
74,1678
74,1679
74,1680
74,1681
74,1682
74,1683
74,1684
74,1685
74,1686
74,1687
74,1688
74,1689
74,1690
74,1691
74,1692
74,1693
74,1694
74,1695
74,1696
74,1697
74,1698
74,1699
74,1700
74,1701
74,1702
74,1703
74,1704
74,1705
74,1706
74,1707
74,1736
74,1737
74,1738
74,1739
74,1740
74,1741
74,1742
74,1743
74,1744
74,1745
74,1746
74,1747
74,1748
74,1749
74,1750
74,1751
74,1752
74,1753
74,1754
74,1755
74,1756
74,1757
74,1758
74,1759
74,1760
74,1761
74,1762
74,1763
74,1764
74,1765
74,1766
74,1767
74,1768
74,1769
74,1770
74,1771
74,1772
74,1773
74,1774
74,1775
74,1776
74,1777
74,1778
74,1779
74,1780
74,1781
74,1782
74,1783
74,1784
74,1785
74,1786
74,1787
74,1788
74,1789
74,1790
74,1791
74,1792
74,1793
74,1794
74,1795
74,1820
74,1821
74,1822
74,1823
74,1824
74,1825
74,1826
74,1827
74,1828
74,1835
74,1836
74,1837
74,1838
74,1839
74,1840
74,1841
74,1842
74,1843
74,1844
74,1845
74,1846
74,1847
74,1848
74,1849
74,1850
74,1851
74,1858
74,1859
74,1860
74,1861
74,1862
74,1863
74,1864
74,1865
74,1866
74,1867
74,1868
74,1869
74,1870
74,1871
74,1872
74,1873
74,1874
74,1881
74,1882
74,1883
74,1884
74,1885
74,1886
74,1887
74,1888
74,1889
74,1890
74,1891
74,1892
74,1893
74,1894
74,1895
74,1896
74,1897
74,1898
74,1899
74,1900
74,1901
74,1902
74,1903
74,1904
74,1905
74,1906
74,1907
74,1908
74,1909
74,1910
74,1911
74,1912
74,1913
74,1914
74,1915
74,1916
74,1917
74,1918
74,1919
74,1920
74,1921
74,1922
74,1923
74,1924
74,1925
74,1926
74,1927
74,1928
74,1929
74,1930
74,1931
74,1932
74,1933
74,1934
74,1935
74,1936
74,1937
74,1938
74,1939
74,2072
74,2073
74,2074
74,2075
74,2076
74,2077
74,2078
74,2079
74,2081
74,2087
74,2088
74,2548
74,2549
74,2550
74,2551
74,2552
74,2553
74,2554
74,2555
74,2556
74,2557
74,2558
74,2559
74,2560
74,2561
74,2562
74,2563
74,2564
74,2565
74,2566
74,2567
74,2568
74,2577
74,2578
74,2579
74,2580
74,2581
74,2582
74,2583
74,2584
74,2585
74,2586
74,2587
74,2588
74,2589
74,2590
74,2591
74,2592
74,2593
74,2594
74,2595
74,2600
74,2601
74,2602
74,2603
74,2604
74,2605
74,2606
74,2607
74,2608
74,2609
74,2610
74,2611
74,2612
74,2613
74,2614
74,2615
74,2616
74,2617
74,2618
74,2619
74,2620
74,2621
74,2622
74,2623
74,2624
74,2625
74,2626
74,2627
74,2628
74,2629
74,2630
74,2631
74,2632
74,2633
74,2634
74,2635
74,2636
74,2637
74,2638
74,2639
74,2643
74,2644
74,2676
74,2677
74,2678
74,2683
74,2841
74,2842
74,2846
74,2847
74,2848
74,2849
74,2850
74,2851
74,2852
74,2853
74,2854
74,2855
74,2856
74,2857
74,2858
74,2859
74,2860
74,2861
74,2882
74,2883
74,2884
74,2885
74,2886
74,2887
74,2888
74,2889
74,2890
74,2891
74,2892
74,2893
74,2894
74,2895
74,2901
74,2902
74,2903
74,2904
74,2905
74,2906
74,2907
74,2908
74,2909
74,2910
74,2911
74,2912
74,2913
74,2914
74,2915
74,2916
74,2917
74,2918
74,2919
74,2920
74,2921
74,2922
74,2923
74,2924
74,2925
74,2926
74,2927
74,2928
74,2929
74,2930
74,2936
74,2937
74,2938
74,2939
74,2940
74,2941
74,2942
74,2943
74,2944
74,2945
74,2946
74,2947
74,3147
74,3148
74,3149
74,3150
74,3151
74,3152
74,3153
74,3154
74,3155
74,3161
74,3162
74,3163
74,3164
74,3165
74,3166
74,3167
74,3168
74,3169
74,3170
74,3171
74,3172
74,3173
74,3174
74,3175
74,3176
74,3177
74,3178
74,3179
74,3180
74,3181
74,3182
74,3183
74,3184
74,3185
74,3186
74,3192
74,3193
74,3194
74,3195
74,3196
74,3197
74,3198
74,3199
74,3200
74,3201
74,3202
74,3203
74,3204
74,3205
74,3206
74,3207
74,3208
74,3209
74,3210
74,3211
74,3217
74,3218
74,3219
74,3220
74,3221
74,3222
74,3223
74,3224
74,3225
74,3226
86,1
86,2
86,3
86,4
86,5
86,6
86,7
86,8
86,9
86,10
86,16
86,17
86,18
86,20
86,21
86,23
86,24
86,25
86,26
86,27
86,28
86,29
86,30
86,31
86,32
86,33
86,34
86,35
86,36
86,37
86,38
86,39
86,40
86,41
86,42
86,43
86,55
86,56
86,57
86,58
86,59
86,60
86,61
86,62
86,63
86,64
86,65
86,66
86,67
86,68
86,69
86,70
86,71
86,72
86,73
86,74
86,76
86,77
86,78
86,79
86,80
86,81
86,82
86,83
86,84
86,85
86,86
86,87
86,88
86,89
86,90
86,91
86,92
86,93
86,94
86,95
86,96
86,97
86,98
86,99
86,114
86,115
86,116
86,117
86,137
86,138
86,152
86,153
86,154
86,155
86,156
86,157
86,158
86,159
86,163
86,164
86,165
86,166
86,169
86,170
86,171
86,172
86,173
86,229
86,230
86,231
86,232
86,233
86,234
86,235
86,236
86,237
86,238
86,239
86,240
86,241
86,242
86,243
86,244
86,245
86,246
86,247
86,248
86,249
86,250
86,251
86,252
86,253
86,254
86,255
86,256
86,257
86,258
86,259
86,260
86,261
86,262
86,263
86,264
86,265
86,266
86,267
86,268
86,269
86,270
86,271
86,272
86,273
86,274
86,275
86,276
86,277
86,278
86,279
86,280
86,281
86,282
86,283
86,284
86,289
86,290
86,291
86,292
86,293
86,294
86,295
86,296
86,297
86,298
86,299
86,300
86,301
86,302
86,303
86,304
86,305
86,306
86,307
86,308
86,309
86,310
86,311
86,313
86,314
86,315
86,316
86,317
86,318
86,319
86,343
86,344
86,345
86,346
86,347
86,348
86,349
86,350
86,351
86,352
86,353
86,354
86,355
86,356
86,357
86,358
86,360
86,361
86,362
86,363
86,364
86,365
86,366
86,367
86,368
86,369
86,370
86,371
86,372
86,373
86,374
86,375
86,376
86,377
86,378
86,379
86,380
86,381
86,382
86,383
86,384
86,385
86,386
86,388
86,389
86,390
86,391
86,392
86,393
86,394
86,395
86,396
86,397
86,398
86,399
86,400
86,401
86,402
86,403
86,404
86,412
86,413
86,414
86,415
86,431
86,432
86,433
86,434
86,435
86,436
86,437
86,438
86,439
86,440
86,441
86,442
86,443
86,444
86,445
86,446
86,447
86,448
86,449
86,450
86,451
86,453
86,454
86,455
86,456
86,457
86,458
86,459
86,460
86,461
86,462
86,463
86,464
86,465
86,466
86,467
86,468
86,469
86,470
86,471
86,472
86,473
86,474
86,475
86,476
86,477
86,478
86,479
86,480
86,482
86,483
86,484
86,485
86,486
86,494
86,495
86,496
86,497
86,537
86,538
86,539
86,540
86,541
86,542
86,543
86,544
86,545
86,546
86,547
86,548
86,549
86,550
86,551
86,552
86,554
86,555
86,556
86,557
86,558
86,559
86,560
86,561
86,562
86,563
86,564
86,565
86,566
86,567
86,568
86,569
86,570
86,571
86,572
86,573
86,574
86,575
86,576
86,577
86,578
86,579
86,580
86,581
86,582
86,583
86,584
86,585
86,586
86,587
86,588
86,589
86,595
86,596
86,597
86,598
86,599
86,600
86,601
86,603
86,604
86,605
86,606
86,607
86,608
86,609
86,610
86,611
86,612
86,613
86,614
86,615
86,616
86,617
86,618
86,619
86,620
86,621
86,631
86,632
86,633
86,634
86,635
86,636
86,637
86,638
86,639
86,640
86,641
86,642
86,643
86,644
86,645
86,646
86,647
86,648
86,649
86,659
86,660
86,661
86,662
86,663
86,664
86,665
86,666
86,667
86,668
86,669
86,670
86,671
86,672
86,673
86,674
86,675
86,676
86,677
86,678
86,679
86,689
86,690
86,691
86,692
86,693
86,694
86,695
86,696
86,697
86,698
86,699
86,700
86,701
86,702
86,703
86,704
86,705
86,706
86,707
86,708
86,950
86,951
86,952
86,953
86,954
86,955
86,956
86,957
86,958
86,959
86,960
86,961
86,962
86,963
86,964
86,965
86,966
86,967
86,968
86,969
86,970
86,971
86,972
86,973
86,974
86,977
86,978
86,979
86,980
86,981
86,982
86,983
86,984
86,985
86,986
86,987
86,988
86,991
86,992
86,993
86,995
86,996
86,997
86,998
86,999
86,1000
86,1001
86,1002
86,1003
86,1004
86,1005
86,1006
86,1007
86,1350
86,1351
86,1354
86,1355
86,1356
86,1357
86,1358
86,1359
86,1360
86,1361
86,1362
86,1363
86,1364
86,1365
86,1366
86,1367
86,1368
86,1369
86,1370
86,1377
86,1378
86,1379
86,1380
86,1381
86,1382
86,1383
86,1384
86,1385
86,1386
86,1387
86,1388
86,1395
86,1396
86,1397
86,1398
86,1400
86,1401
86,1402
86,1403
86,1404
86,1405
86,1406
86,1639
86,1640
86,1641
86,1642
86,1643
86,1644
86,1645
86,1646
86,1647
86,1648
86,1649
86,1650
86,1651
86,1652
86,1653
86,1654
86,1655
86,1656
86,1657
86,1658
86,1659
86,1660
86,1661
86,1662
86,1663
86,1664
86,1665
86,1666
86,1667
86,1668
86,1669
86,1670
86,1671
86,1672
86,1673
86,1674
86,1675
86,1676
86,1677
86,1678
86,1679
86,1680
86,1681
86,1682
86,1683
86,1684
86,1685
86,1686
86,1687
86,1688
86,1689
86,1714
86,1715
86,1716
86,1717
86,1718
86,1719
86,1726
86,1727
86,1728
86,1729
86,1730
86,1731
86,1899
86,1900
86,1901
86,1902
86,1903
86,1904
86,1905
86,1906
86,1907
86,1908
86,1909
86,1910
86,1911
86,1912
86,1913
86,1914
86,1915
86,1916
86,1917
86,1918
86,1919
86,1920
86,1921
86,1922
86,1923
86,1924
86,1925
86,1926
86,1927
86,1937
86,1938
86,1939
86,2072
86,2073
86,2074
86,2075
86,2076
86,2077
86,2078
86,2079
86,2081
86,2087
86,2089
86,2090
86,2091
86,2092
86,2093
86,2094
86,2095
86,2548
86,2549
86,2550
86,2551
86,2552
86,2553
86,2554
86,2555
86,2556
86,2557
86,2558
86,2559
86,2560
86,2561
86,2562
86,2563
86,2564
86,2565
86,2566
86,2567
86,2568
86,2577
86,2578
86,2579
86,2580
86,2581
86,2582
86,2583
86,2584
86,2585
86,2586
86,2587
86,2588
86,2589
86,2590
86,2591
86,2592
86,2593
86,2594
86,2595
86,2600
86,2601
86,2602
86,2603
86,2604
86,2605
86,2606
86,2607
86,2608
86,2609
86,2610
86,2611
86,2612
86,2613
86,2614
86,2615
86,2616
86,2617
86,2618
86,2619
86,2620
86,2621
86,2622
86,2623
86,2624
86,2625
86,2626
86,2627
86,2628
86,2629
86,2630
86,2631
86,2632
86,2633
86,2634
86,2635
86,2636
86,2637
86,2638
86,2639
86,2841
86,2842
86,2843
86,2844
86,2845
86,2846
86,2847
86,2848
86,3147
86,3148
86,3149
86,3150
86,3151
86,3152
86,3153
86,3154
86,3155
86,3161
86,3162
86,3163
86,3164
86,3165
86,3166
86,3167
86,3168
86,3169
86,3170
86,3171
86,3172
86,3173
86,3174
87,1
87,2
87,3
87,4
87,5
87,6
87,7
87,8
87,9
87,10
87,16
87,17
87,18
87,20
87,21
87,23
87,24
87,25
87,26
87,27
87,28
87,29
87,30
87,31
87,32
87,33
87,34
87,35
87,36
87,37
87,38
87,39
87,40
87,41
87,55
87,56
87,57
87,58
87,59
87,60
87,61
87,63
87,64
87,65
87,66
87,67
87,68
87,69
87,70
87,71
87,72
87,73
87,74
87,76
87,77
87,78
87,79
87,80
87,81
87,82
87,83
87,84
87,85
87,86
87,87
87,88
87,89
87,90
87,91
87,100
87,101
87,102
87,103
87,152
87,153
87,154
87,155
87,156
87,157
87,158
87,159
87,163
87,164
87,165
87,166
87,169
87,170
87,171
87,172
87,173
87,229
87,230
87,231
87,232
87,233
87,234
87,235
87,236
87,237
87,238
87,239
87,240
87,241
87,242
87,243
87,244
87,245
87,246
87,247
87,248
87,249
87,250
87,251
87,252
87,253
87,254
87,255
87,256
87,257
87,258
87,259
87,260
87,261
87,262
87,263
87,264
87,265
87,266
87,267
87,268
87,269
87,270
87,271
87,272
87,273
87,274
87,275
87,276
87,277
87,278
87,279
87,280
87,281
87,289
87,290
87,291
87,292
87,293
87,294
87,295
87,296
87,297
87,298
87,299
87,300
87,301
87,302
87,303
87,304
87,305
87,306
87,307
87,308
87,309
87,310
87,311
87,313
87,314
87,315
87,316
87,327
87,328
87,329
87,330
87,331
87,332
87,333
87,334
87,335
87,336
87,337
87,338
87,339
87,340
87,341
87,342
87,343
87,344
87,345
87,346
87,347
87,348
87,349
87,350
87,351
87,352
87,353
87,354
87,355
87,356
87,357
87,358
87,360
87,361
87,362
87,363
87,364
87,372
87,373
87,374
87,375
87,376
87,377
87,388
87,389
87,390
87,391
87,392
87,393
87,394
87,395
87,396
87,397
87,398
87,399
87,400
87,401
87,402
87,403
87,404
87,412
87,413
87,414
87,415
87,431
87,432
87,433
87,434
87,435
87,443
87,444
87,445
87,453
87,454
87,455
87,456
87,457
87,458
87,459
87,460
87,461
87,462
87,463
87,464
87,465
87,466
87,467
87,468
87,469
87,477
87,478
87,479
87,480
87,482
87,483
87,484
87,485
87,486
87,494
87,495
87,496
87,497
87,537
87,538
87,539
87,554
87,555
87,556
87,557
87,558
87,559
87,560
87,561
87,562
87,563
87,564
87,565
87,566
87,567
87,568
87,569
87,710
87,711
87,712
87,713
87,714
87,715
87,716
87,717
87,718
87,719
87,720
87,721
87,722
87,723
87,724
87,725
87,726
87,727
87,728
87,729
87,730
87,731
87,732
87,733
87,734
87,735
87,736
87,737
87,738
87,739
87,740
87,741
87,742
87,743
87,744
87,745
87,746
87,747
87,748
87,749
87,750
87,751
87,752
87,753
87,754
87,755
87,756
87,757
87,758
87,759
87,760
87,761
87,762
87,763
87,764
87,765
87,766
87,767
87,768
87,769
87,770
87,771
87,772
87,773
87,774
87,775
87,776
87,777
87,778
87,779
87,780
87,781
87,782
87,783
87,784
87,785
87,786
87,787
87,788
87,789
87,790
87,791
87,792
87,793
87,794
87,795
87,796
87,797
87,798
87,799
87,800
87,801
87,802
87,803
87,804
87,805
87,806
87,807
87,808
87,809
87,810
87,811
87,812
87,813
87,814
87,815
87,816
87,817
87,818
87,819
87,820
87,821
87,822
87,823
87,824
87,825
87,826
87,827
87,828
87,829
87,830
87,831
87,832
87,833
87,834
87,835
87,836
87,837
87,838
87,839
87,840
87,841
87,842
87,843
87,844
87,845
87,846
87,847
87,848
87,849
87,850
87,851
87,852
87,853
87,854
87,855
87,856
87,857
87,858
87,859
87,860
87,861
87,862
87,863
87,864
87,865
87,866
87,867
87,868
87,869
87,870
87,871
87,872
87,873
87,874
87,875
87,876
87,877
87,878
87,879
87,880
87,881
87,882
87,883
87,884
87,885
87,886
87,887
87,888
87,889
87,890
87,950
87,951
87,952
87,953
87,954
87,955
87,956
87,957
87,958
87,959
87,960
87,961
87,962
87,963
87,964
87,965
87,966
87,967
87,968
87,969
87,970
87,971
87,972
87,973
87,974
87,977
87,978
87,979
87,980
87,981
87,982
87,983
87,984
87,985
87,986
87,987
87,988
87,991
87,992
87,993
87,995
87,996
87,997
87,998
87,999
87,1000
87,1001
87,1002
87,1003
87,1004
87,1005
87,1006
87,1007
87,1008
87,1009
87,1010
87,1011
87,1012
87,1013
87,1014
87,1015
87,1016
87,1017
87,1018
87,1019
87,1020
87,1025
87,1026
87,1027
87,1034
87,1035
87,1036
87,1037
87,1038
87,1039
87,1040
87,1041
87,1042
87,1050
87,1051
87,1052
87,1053
87,1054
87,1055
87,1067
87,1068
87,1069
87,1070
87,1071
87,1072
87,1073
87,1074
87,1075
87,1076
87,1077
87,1078
87,1087
87,1088
87,1089
87,1091
87,1092
87,1093
87,1094
87,1095
87,1096
87,1097
87,1098
87,1099
87,1100
87,1101
87,1102
87,1103
87,1104
87,1105
87,1106
87,1107
87,1108
87,1109
87,1110
87,1111
87,1112
87,1113
87,1114
87,1115
87,1116
87,1117
87,1118
87,1119
87,1120
87,1133
87,1134
87,1135
87,1136
87,1137
87,1138
87,1139
87,1140
87,1141
87,1142
87,1143
87,1144
87,1154
87,1155
87,1156
87,1157
87,1158
87,1159
87,1160
87,1161
87,1162
87,1164
87,1165
87,1166
87,1167
87,1168
87,1173
87,1174
87,1175
87,1182
87,1183
87,1184
87,1185
87,1186
87,1187
87,1188
87,1189
87,1190
87,1191
87,1192
87,1193
87,1194
87,1195
87,1197
87,1198
87,1199
87,1200
87,1201
87,1202
87,1203
87,1215
87,1216
87,1217
87,1218
87,1219
87,1220
87,1221
87,1222
87,1223
87,1224
87,1225
87,1226
87,1235
87,1236
87,1237
87,1238
87,1239
87,1240
87,1241
87,1242
87,1243
87,1264
87,1265
87,1266
87,1350
87,1351
87,1352
87,1353
87,1354
87,1355
87,1356
87,1357
87,1358
87,1359
87,1360
87,1361
87,1362
87,1363
87,1364
87,1365
87,1366
87,1367
87,1368
87,1369
87,1370
87,1377
87,1378
87,1379
87,1380
87,1381
87,1382
87,1383
87,1384
87,1385
87,1386
87,1387
87,1388
87,1395
87,1396
87,1397
87,1398
87,1400
87,1401
87,1402
87,1403
87,1404
87,1405
87,1406
87,1639
87,1640
87,1641
87,1642
87,1643
87,1644
87,1645
87,1646
87,1647
87,1648
87,1649
87,1650
87,1651
87,1652
87,1653
87,1654
87,1655
87,1656
87,1657
87,1658
87,1659
87,1660
87,1661
87,1662
87,1663
87,1664
87,1665
87,1666
87,1667
87,1668
87,1669
87,1670
87,1671
87,1672
87,1673
87,1674
87,1675
87,1676
87,1677
87,1678
87,1679
87,1680
87,1681
87,1682
87,1683
87,1684
87,1685
87,1686
87,1687
87,1688
87,1689
87,1690
87,1691
87,1692
87,1693
87,1694
87,1695
87,1696
87,1697
87,1698
87,1699
87,1700
87,1701
87,1702
87,1703
87,1704
87,1705
87,1706
87,1707
87,1736
87,1737
87,1738
87,1739
87,1740
87,1741
87,1742
87,1743
87,1744
87,1745
87,1746
87,1747
87,1748
87,1749
87,1750
87,1751
87,1752
87,1753
87,1754
87,1755
87,1756
87,1757
87,1758
87,1759
87,1760
87,1761
87,1762
87,1763
87,1764
87,1765
87,1766
87,1767
87,1768
87,1769
87,1770
87,1771
87,1772
87,1773
87,1774
87,1775
87,1776
87,1777
87,1778
87,1779
87,1780
87,1781
87,1782
87,1783
87,1784
87,1785
87,1786
87,1787
87,1788
87,1789
87,1790
87,1791
87,1792
87,1793
87,1794
87,1795
87,1808
87,1809
87,1810
87,1811
87,1812
87,1813
87,1814
87,1815
87,1816
87,1817
87,1818
87,1819
87,1820
87,1821
87,1822
87,1823
87,1824
87,1825
87,1826
87,1827
87,1828
87,1829
87,1830
87,1831
87,1832
87,1833
87,1834
87,1835
87,1836
87,1837
87,1838
87,1839
87,1840
87,1841
87,1842
87,1843
87,1844
87,1845
87,1846
87,1847
87,1848
87,1849
87,1850
87,1851
87,1852
87,1853
87,1854
87,1855
87,1856
87,1857
87,1858
87,1859
87,1860
87,1861
87,1862
87,1863
87,1864
87,1865
87,1866
87,1867
87,1868
87,1869
87,1870
87,1871
87,1872
87,1873
87,1874
87,1875
87,1876
87,1877
87,1878
87,1879
87,1880
87,1881
87,1882
87,1883
87,1884
87,1885
87,1886
87,1887
87,1888
87,1889
87,1890
87,1891
87,1892
87,1893
87,1894
87,1895
87,1899
87,1900
87,1901
87,1902
87,1903
87,1904
87,1905
87,1906
87,1907
87,1908
87,1909
87,1910
87,1911
87,1912
87,1913
87,1914
87,1915
87,1916
87,1917
87,1918
87,1919
87,1920
87,1921
87,1922
87,1923
87,1924
87,1925
87,1926
87,1927
87,1928
87,1929
87,1930
87,1931
87,1932
87,1933
87,1934
87,1935
87,1936
87,1937
87,1938
87,1939
87,2072
87,2073
87,2074
87,2075
87,2076
87,2077
87,2078
87,2079
87,2081
87,2082
87,2083
87,2084
87,2085
87,2086
87,2087
87,2088
88,1
88,2
88,3
88,4
88,5
88,6
88,7
88,8
88,9
88,10
88,16
88,17
88,18
88,20
88,21
88,23
88,24
88,25
88,26
88,27
88,28
88,29
88,30
88,31
88,32
88,33
88,34
88,35
88,36
88,37
88,38
88,39
88,40
88,41
88,42
88,43
88,55
88,56
88,57
88,58
88,59
88,60
88,61
88,62
88,63
88,64
88,65
88,66
88,67
88,68
88,69
88,70
88,71
88,72
88,73
88,74
88,100
88,101
88,102
88,103
88,142
88,143
88,144
88,145
88,146
88,147
88,148
88,152
88,153
88,154
88,155
88,156
88,157
88,158
88,159
88,163
88,164
88,165
88,166
88,169
88,170
88,171
88,172
88,173
88,174
88,175
88,176
88,191
88,192
88,193
88,194
88,195
88,196
88,197
88,198
88,343
88,344
88,345
88,346
88,347
88,355
88,356
88,357
88,358
88,950
88,951
88,952
88,953
88,954
88,955
88,956
88,957
88,958
88,959
88,960
88,961
88,1008
88,1009
88,1010
88,1011
88,1012
88,1013
88,1110
88,1111
88,1112
88,1113
88,1166
88,1167
88,1168
88,1173
88,1174
88,1175
88,1182
88,1183
88,1184
88,1185
88,1186
88,1187
88,1188
88,1189
88,1190
88,1191
88,1192
88,1193
88,1194
88,1195
88,1197
88,1198
88,1199
88,1200
88,1201
88,1202
88,1203
88,1204
88,1205
88,1206
88,1207
88,1208
88,1209
88,1210
88,1211
88,1212
88,1213
88,1214
88,1350
88,1351
88,1352
88,1353
88,1354
88,1355
88,1356
88,1357
88,1358
88,1359
88,1360
88,1361
88,1362
88,1363
88,1364
88,1365
88,1366
88,1367
88,1368
88,1369
88,1370
88,1371
88,1372
88,1373
88,1374
88,1375
88,1376
88,1377
88,1378
88,1379
88,1395
88,1396
88,1397
88,1398
88,1400
88,1407
88,1408
88,1409
88,1410
88,1411
88,1412
88,1413
88,1414
88,1416
88,1417
88,1418
88,1419
88,1420
88,1421
88,1422
88,1531
88,1532
88,1533
88,1534
88,1535
88,1536
88,1537
88,1538
88,1539
88,1540
88,1541
88,1543
88,1544
88,1545
88,1546
88,1547
88,1548
89,1
89,2
89,3
89,4
89,5
89,6
89,7
89,8
89,9
89,10
89,16
89,17
89,18
89,20
89,21
89,23
89,24
89,25
89,26
89,27
89,28
89,29
89,30
89,31
89,32
89,33
89,34
89,35
89,36
89,37
89,38
89,39
89,40
89,41
89,42
89,43
89,55
89,56
89,57
89,58
89,59
89,60
89,61
89,62
89,63
89,64
89,65
89,66
89,67
89,68
89,69
89,70
89,71
89,72
89,73
89,74
89,76
89,77
89,78
89,79
89,152
89,153
89,154
89,155
89,156
89,157
89,158
89,159
89,163
89,164
89,165
89,166
89,169
89,170
89,171
89,172
89,173
89,229
89,230
89,231
89,232
89,233
89,234
89,235
89,236
89,237
89,238
89,239
89,241
89,242
89,243
89,244
89,248
89,249
89,250
89,251
89,252
89,253
89,254
89,255
89,256
89,257
89,258
89,259
89,260
89,261
89,262
89,263
89,264
89,265
89,266
89,267
89,268
89,269
89,270
89,271
89,272
89,273
89,274
89,276
89,277
89,278
89,279
89,280
89,281
89,289
89,290
89,291
89,292
89,293
89,294
89,295
89,296
89,297
89,298
89,299
89,300
89,301
89,302
89,303
89,304
89,305
89,306
89,307
89,308
89,309
89,310
89,311
89,313
89,314
89,315
89,316
89,327
89,328
89,329
89,330
89,331
89,332
89,333
89,334
89,335
89,337
89,338
89,339
89,340
89,341
89,342
89,343
89,344
89,345
89,346
89,347
89,355
89,356
89,357
89,358
89,431
89,432
89,433
89,434
89,435
89,443
89,444
89,445
89,453
89,454
89,455
89,457
89,458
89,459
89,460
89,461
89,462
89,463
89,464
89,465
89,466
89,467
89,468
89,469
89,477
89,478
89,479
89,480
89,537
89,538
89,539
89,554
89,555
89,556
89,560
89,561
89,562
89,563
89,564
89,565
89,566
89,567
89,568
89,569
89,950
89,951
89,952
89,953
89,954
89,955
89,956
89,957
89,958
89,959
89,960
89,961
89,962
89,963
89,964
89,965
89,966
89,967
89,968
89,969
89,970
89,971
89,972
89,973
89,974
89,977
89,978
89,979
89,980
89,981
89,982
89,983
89,984
89,985
89,986
89,987
89,988
89,991
89,992
89,993
89,995
89,996
89,997
89,998
89,1001
89,1002
89,1003
89,1004
89,1005
89,1006
89,1007
89,1350
89,1351
89,1354
89,1355
89,1356
89,1357
89,1358
89,1361
89,1362
89,1363
89,1364
89,1365
89,1366
89,1367
89,1368
89,1369
89,1370
89,1401
89,1402
89,1403
89,1404
89,1405
89,1406
89,1639
89,1640
89,1641
89,1642
89,1643
89,1644
89,1645
89,1646
89,1647
89,1648
89,1649
89,1650
89,1651
89,1652
89,1653
89,1654
89,1655
89,1656
89,1657
89,1658
89,1659
89,1660
89,1661
89,1662
89,1663
89,1664
89,1665
89,1666
89,1667
89,1668
89,1669
89,1670
89,1671
89,1672
89,1673
89,1674
89,1675
89,1676
89,1677
89,1678
89,1679
89,1680
89,1681
89,1682
89,1683
89,1684
89,1685
89,1686
89,1687
89,1688
89,1689
89,1690
89,1691
89,1692
89,1693
89,1694
89,1695
89,1696
89,1697
89,1698
89,1699
89,1700
89,1701
89,1702
89,1703
89,1704
89,1705
89,1706
89,1707
89,1736
89,1737
89,1738
89,1739
89,1740
89,1741
89,1742
89,1743
89,1744
89,1745
89,1746
89,1747
89,1748
89,1749
89,1750
89,1751
89,1752
89,1753
89,1754
89,1755
89,1756
89,1757
89,1758
89,1759
89,1760
89,1761
89,1762
89,1763
89,1764
89,1765
89,1766
89,1767
89,1768
89,1769
89,1770
89,1771
89,1772
89,1773
89,1774
89,1775
89,1776
89,1777
89,1778
89,1779
89,1780
89,1781
89,1782
89,1783
89,1784
89,1785
89,1786
89,1787
89,1788
89,1789
89,1790
89,1791
89,1792
89,1793
89,1794
89,1795
89,1820
89,1821
89,1822
89,1823
89,1824
89,1825
89,1826
89,1827
89,1828
89,1835
89,1836
89,1837
89,1838
89,1839
89,1840
89,1841
89,1842
89,1843
89,1844
89,1845
89,1846
89,1847
89,1848
89,1849
89,1850
89,1851
89,1858
89,1859
89,1860
89,1861
89,1862
89,1863
89,1864
89,1865
89,1866
89,1867
89,1868
89,1869
89,1870
89,1871
89,1872
89,1873
89,1874
89,1881
89,1882
89,1883
89,1884
89,1885
89,1886
89,1887
89,1888
89,1889
89,1890
89,1891
89,1892
89,1893
89,1894
89,1895
89,1899
89,1900
89,1901
89,1902
89,1903
89,1904
89,1905
89,1906
89,1907
89,1908
89,1909
89,1910
89,1911
89,1912
89,1913
89,1914
89,1915
89,1916
89,1917
89,1918
89,1919
89,1920
89,1921
89,1922
89,1923
89,1924
89,1925
89,1926
89,1927
89,1928
89,1929
89,1930
89,1931
89,1932
89,1933
89,1934
89,1935
89,1936
89,1937
89,1938
89,1939
89,2072
89,2073
89,2074
89,2075
89,2076
89,2077
89,2078
89,2079
89,2081
89,2087
89,2088
93,1
93,2
93,3
93,4
93,5
93,6
93,7
93,8
93,9
93,10
93,16
93,17
93,18
93,20
93,21
93,23
93,24
93,25
93,26
93,27
93,28
93,29
93,30
93,31
93,32
93,33
93,34
93,35
93,36
93,37
93,38
93,39
93,40
93,41
93,42
93,43
93,55
93,56
93,57
93,58
93,59
93,60
93,61
93,62
93,63
93,64
93,65
93,66
93,67
93,68
93,69
93,70
93,71
93,72
93,73
93,74
93,84
93,85
93,86
93,87
93,88
93,89
93,90
93,91
93,92
93,93
93,94
93,95
93,100
93,101
93,102
93,103
93,152
93,153
93,154
93,155
93,156
93,157
93,158
93,159
93,163
93,164
93,165
93,166
93,169
93,170
93,171
93,172
93,173
93,174
93,175
93,176
93,191
93,192
93,193
93,194
93,195
93,196
93,197
93,198
93,199
93,200
93,201
93,202
93,203
93,343
93,344
93,345
93,346
93,347
93,348
93,349
93,350
93,351
93,352
93,353
93,354
93,355
93,356
93,357
93,358
93,360
93,361
93,362
93,363
93,364
93,365
93,366
93,367
93,368
93,369
93,370
93,371
93,372
93,373
93,374
93,375
93,376
93,377
93,388
93,389
93,390
93,391
93,392
93,393
93,394
93,395
93,396
93,397
93,398
93,399
93,400
93,401
93,402
93,403
93,404
93,405
93,406
93,407
93,408
93,409
93,410
93,411
93,412
93,413
93,414
93,415
93,482
93,483
93,484
93,485
93,486
93,487
93,488
93,489
93,490
93,491
93,492
93,493
93,494
93,495
93,496
93,497
93,537
93,538
93,539
93,554
93,555
93,556
93,557
93,558
93,559
93,560
93,561
93,562
93,563
93,564
93,565
93,566
93,567
93,568
93,569
93,710
93,711
93,712
93,713
93,714
93,715
93,716
93,717
93,718
93,719
93,720
93,721
93,722
93,723
93,724
93,725
93,726
93,727
93,728
93,729
93,730
93,731
93,732
93,733
93,734
93,735
93,736
93,737
93,738
93,739
93,740
93,741
93,742
93,743
93,744
93,745
93,746
93,747
93,748
93,749
93,753
93,754
93,755
93,759
93,760
93,761
93,762
93,763
93,764
93,765
93,766
93,767
93,768
93,769
93,770
93,771
93,772
93,773
93,774
93,775
93,776
93,777
93,778
93,779
93,780
93,781
93,782
93,783
93,784
93,785
93,786
93,787
93,788
93,789
93,790
93,791
93,792
93,793
93,794
93,795
93,796
93,797
93,798
93,802
93,803
93,804
93,808
93,809
93,810
93,811
93,812
93,813
93,814
93,815
93,816
93,817
93,818
93,819
93,820
93,821
93,822
93,823
93,824
93,825
93,826
93,827
93,828
93,829
93,830
93,831
93,832
93,833
93,834
93,835
93,836
93,837
93,838
93,839
93,840
93,841
93,842
93,843
93,844
93,845
93,846
93,847
93,848
93,849
93,850
93,851
93,852
93,853
93,857
93,858
93,859
93,860
93,861
93,862
93,863
93,864
93,865
93,866
93,867
93,868
93,869
93,870
93,871
93,872
93,873
93,874
93,875
93,876
93,877
93,878
93,879
93,883
93,884
93,885
93,886
93,887
93,888
93,889
93,890
93,950
93,951
93,952
93,953
93,954
93,955
93,956
93,957
93,958
93,959
93,960
93,961
93,962
93,963
93,964
93,965
93,966
93,967
93,968
93,969
93,970
93,971
93,972
93,973
93,974
93,975
93,976
93,977
93,978
93,979
93,980
93,981
93,982
93,983
93,984
93,985
93,986
93,987
93,988
93,991
93,992
93,993
93,995
93,996
93,997
93,998
93,999
93,1000
93,1001
93,1002
93,1003
93,1004
93,1005
93,1006
93,1007
93,1008
93,1009
93,1010
93,1011
93,1012
93,1013
93,1014
93,1015
93,1016
93,1017
93,1018
93,1019
93,1020
93,1021
93,1022
93,1023
93,1025
93,1026
93,1027
93,1034
93,1035
93,1036
93,1037
93,1038
93,1039
93,1040
93,1041
93,1042
93,1043
93,1044
93,1045
93,1046
93,1047
93,1048
93,1049
93,1050
93,1051
93,1052
93,1053
93,1054
93,1055
93,1056
93,1057
93,1058
93,1059
93,1060
93,1061
93,1062
93,1063
93,1064
93,1065
93,1066
93,1067
93,1068
93,1069
93,1070
93,1071
93,1072
93,1073
93,1074
93,1075
93,1076
93,1077
93,1078
93,1087
93,1088
93,1089
93,1091
93,1092
93,1093
93,1094
93,1095
93,1096
93,1097
93,1098
93,1099
93,1100
93,1101
93,1102
93,1103
93,1104
93,1105
93,1106
93,1107
93,1108
93,1109
93,1110
93,1111
93,1112
93,1113
93,1114
93,1115
93,1116
93,1117
93,1118
93,1119
93,1120
93,1121
93,1122
93,1123
93,1124
93,1125
93,1126
93,1127
93,1128
93,1129
93,1130
93,1131
93,1132
93,1164
93,1165
93,1166
93,1167
93,1168
93,1169
93,1170
93,1171
93,1173
93,1174
93,1175
93,1182
93,1183
93,1184
93,1185
93,1186
93,1187
93,1188
93,1189
93,1190
93,1191
93,1192
93,1193
93,1194
93,1195
93,1197
93,1198
93,1199
93,1200
93,1201
93,1202
93,1203
93,1204
93,1205
93,1206
93,1207
93,1208
93,1209
93,1210
93,1211
93,1212
93,1213
93,1214
93,1264
93,1265
93,1266
93,1267
93,1268
93,1269
93,1270
93,1271
93,1272
93,1273
93,1274
93,1275
93,1276
93,1277
93,1278
93,1279
93,1280
93,1281
93,1282
93,1283
93,1284
93,1285
93,1286
93,1287
93,1288
93,1289
93,1290
93,1291
93,1350
93,1351
93,1352
93,1353
93,1354
93,1355
93,1356
93,1357
93,1358
93,1359
93,1360
93,1361
93,1362
93,1363
93,1364
93,1365
93,1366
93,1367
93,1368
93,1369
93,1370
93,1371
93,1372
93,1373
93,1374
93,1375
93,1376
93,1377
93,1378
93,1379
93,1380
93,1381
93,1382
93,1383
93,1384
93,1385
93,1386
93,1387
93,1388
93,1395
93,1396
93,1397
93,1398
93,1400
93,1401
93,1402
93,1403
93,1404
93,1405
93,1406
93,1407
93,1408
93,1409
93,1410
93,1411
93,1412
93,1413
93,1414
93,1416
93,1417
93,1418
93,1419
93,1420
93,1421
93,1422
93,1423
93,1424
93,1425
93,1426
93,1427
93,1428
93,1429
93,1430
93,1431
93,1432
93,1433
93,1434
93,1435
93,1436
93,1437
93,1438
93,1439
93,1440
93,1442
93,1443
93,1444
93,1446
93,1447
93,1448
93,1449
93,1450
93,1451
93,1452
93,1453
93,1454
93,1455
93,1456
93,1457
93,1458
93,1459
93,1528
93,1529
93,1530
93,1531
93,1532
93,1533
93,1534
93,1535
93,1536
93,1537
93,1538
93,1539
93,1540
93,1541
93,1543
93,1544
93,1545
93,1546
93,1547
93,1548
93,1549
93,1550
93,1551
93,1552
93,1553
93,1555
93,1556
93,1557
93,1558
93,1559
93,1560
93,1561
93,1562
93,1563
93,1564
93,1565
93,1580
93,1581
93,1582
93,1583
93,1584
104,1
104,2
104,3
104,4
104,5
104,6
104,7
104,8
104,9
104,10
104,16
104,17
104,18
104,20
104,21
104,23
104,24
104,25
104,26
104,27
104,28
104,29
104,30
104,31
104,32
104,33
104,34
104,35
104,36
104,37
104,38
104,39
104,40
104,41
104,55
104,56
104,57
104,58
104,59
104,60
104,61
104,63
104,64
104,65
104,66
104,67
104,68
104,69
104,70
104,71
104,72
104,73
104,74
104,76
104,77
104,78
104,79
104,80
104,81
104,82
104,83
104,84
104,85
104,86
104,87
104,88
104,89
104,90
104,91
104,92
104,93
104,94
104,95
104,96
104,97
104,98
104,99
104,114
104,115
104,116
104,117
104,118
104,119
104,120
104,121
104,122
104,128
104,129
104,130
104,131
104,132
104,133
104,134
104,135
104,136
104,152
104,153
104,154
104,155
104,156
104,157
104,158
104,159
104,163
104,164
104,165
104,166
104,169
104,170
104,171
104,172
104,173
104,229
104,230
104,231
104,232
104,233
104,234
104,235
104,236
104,237
104,238
104,239
104,240
104,241
104,242
104,243
104,244
104,245
104,246
104,247
104,248
104,249
104,250
104,251
104,252
104,253
104,254
104,255
104,256
104,258
104,259
104,260
104,261
104,262
104,263
104,264
104,265
104,266
104,267
104,268
104,269
104,270
104,271
104,272
104,273
104,274
104,275
104,276
104,277
104,278
104,279
104,280
104,281
104,289
104,290
104,291
104,292
104,293
104,294
104,295
104,296
104,297
104,298
104,299
104,300
104,301
104,302
104,303
104,304
104,305
104,306
104,307
104,308
104,309
104,310
104,311
104,312
104,313
104,314
104,315
104,316
104,317
104,318
104,319
104,327
104,328
104,329
104,330
104,331
104,332
104,333
104,334
104,335
104,336
104,337
104,338
104,339
104,340
104,341
104,342
104,343
104,344
104,345
104,346
104,347
104,348
104,349
104,350
104,351
104,352
104,353
104,354
104,355
104,356
104,357
104,358
104,359
104,360
104,361
104,362
104,363
104,364
104,365
104,366
104,367
104,368
104,369
104,370
104,371
104,372
104,373
104,374
104,375
104,376
104,377
104,388
104,389
104,390
104,391
104,392
104,393
104,394
104,395
104,396
104,397
104,398
104,399
104,400
104,401
104,402
104,403
104,404
104,405
104,406
104,407
104,408
104,409
104,410
104,411
104,412
104,413
104,414
104,415
104,431
104,432
104,433
104,434
104,435
104,436
104,437
104,438
104,439
104,440
104,441
104,442
104,443
104,444
104,445
104,453
104,454
104,455
104,456
104,457
104,458
104,459
104,460
104,461
104,462
104,463
104,464
104,465
104,466
104,467
104,468
104,469
104,470
104,471
104,472
104,473
104,474
104,475
104,476
104,477
104,478
104,479
104,480
104,481
104,482
104,483
104,484
104,485
104,486
104,487
104,488
104,489
104,490
104,491
104,492
104,493
104,494
104,495
104,496
104,497
104,523
104,524
104,525
104,526
104,527
104,528
104,529
104,536
104,537
104,538
104,539
104,540
104,541
104,542
104,543
104,544
104,554
104,555
104,556
104,557
104,558
104,559
104,560
104,561
104,562
104,563
104,564
104,565
104,566
104,567
104,568
104,569
104,710
104,711
104,712
104,713
104,714
104,715
104,716
104,717
104,718
104,719
104,720
104,721
104,722
104,723
104,724
104,725
104,726
104,727
104,728
104,729
104,730
104,731
104,732
104,733
104,734
104,735
104,736
104,737
104,738
104,739
104,740
104,741
104,742
104,743
104,744
104,745
104,746
104,747
104,748
104,749
104,750
104,751
104,752
104,753
104,754
104,755
104,756
104,757
104,758
104,759
104,760
104,761
104,762
104,763
104,764
104,765
104,766
104,767
104,768
104,769
104,770
104,771
104,772
104,773
104,774
104,775
104,776
104,777
104,778
104,779
104,780
104,781
104,782
104,783
104,784
104,785
104,786
104,787
104,788
104,789
104,790
104,791
104,792
104,793
104,794
104,795
104,796
104,797
104,798
104,799
104,800
104,801
104,802
104,803
104,804
104,805
104,806
104,807
104,808
104,809
104,810
104,811
104,812
104,813
104,814
104,815
104,816
104,817
104,818
104,819
104,820
104,821
104,822
104,823
104,824
104,825
104,826
104,827
104,828
104,829
104,830
104,831
104,832
104,833
104,834
104,835
104,836
104,837
104,838
104,839
104,840
104,841
104,842
104,843
104,844
104,845
104,846
104,847
104,848
104,849
104,850
104,851
104,852
104,853
104,854
104,855
104,856
104,857
104,858
104,859
104,860
104,861
104,862
104,863
104,864
104,865
104,866
104,867
104,868
104,869
104,870
104,871
104,872
104,873
104,874
104,875
104,876
104,877
104,878
104,879
104,880
104,881
104,882
104,883
104,884
104,885
104,886
104,887
104,888
104,889
104,890
104,950
104,951
104,952
104,953
104,954
104,955
104,956
104,957
104,958
104,959
104,960
104,961
104,962
104,963
104,964
104,965
104,966
104,967
104,968
104,969
104,970
104,971
104,972
104,973
104,974
104,977
104,978
104,979
104,980
104,981
104,982
104,983
104,984
104,985
104,986
104,987
104,988
104,991
104,992
104,993
104,995
104,996
104,997
104,998
104,1001
104,1002
104,1003
104,1004
104,1005
104,1006
104,1007
104,1110
104,1111
104,1112
104,1113
104,1114
104,1115
104,1116
104,1117
104,1118
104,1119
104,1120
104,1121
104,1122
104,1123
104,1164
104,1165
104,1193
104,1194
104,1195
104,1197
104,1198
104,1199
104,1200
104,1201
104,1202
104,1203
104,1204
104,1205
104,1206
104,1264
104,1265
104,1266
104,1350
104,1351
104,1354
104,1355
104,1356
104,1357
104,1358
104,1359
104,1360
104,1361
104,1362
104,1363
104,1364
104,1365
104,1366
104,1367
104,1368
104,1369
104,1370
104,1377
104,1378
104,1379
104,1380
104,1381
104,1382
104,1383
104,1384
104,1385
104,1386
104,1387
104,1388
104,1395
104,1396
104,1397
104,1398
104,1400
104,1401
104,1402
104,1403
104,1404
104,1405
104,1406
104,1639
104,1640
104,1641
104,1642
104,1643
104,1644
104,1645
104,1646
104,1647
104,1648
104,1649
104,1650
104,1651
104,1652
104,1653
104,1654
104,1655
104,1656
104,1657
104,1658
104,1659
104,1660
104,1661
104,1662
104,1663
104,1664
104,1665
104,1666
104,1667
104,1668
104,1669
104,1670
104,1671
104,1672
104,1673
104,1674
104,1675
104,1676
104,1677
104,1678
104,1679
104,1680
104,1681
104,1682
104,1683
104,1684
104,1685
104,1686
104,1687
104,1688
104,1689
104,1690
104,1691
104,1692
104,1693
104,1694
104,1695
104,1696
104,1697
104,1698
104,1699
104,1700
104,1701
104,1702
104,1703
104,1704
104,1705
104,1706
104,1707
104,1736
104,1737
104,1738
104,1739
104,1740
104,1741
104,1742
104,1743
104,1744
104,1745
104,1746
104,1747
104,1748
104,1749
104,1750
104,1751
104,1752
104,1753
104,1754
104,1755
104,1756
104,1757
104,1758
104,1759
104,1760
104,1761
104,1808
104,1809
104,1810
104,1811
104,1812
104,1813
104,1899
104,1900
104,1901
104,1902
104,1903
104,1904
104,1905
104,1906
104,1907
104,1908
104,1909
104,1910
104,1911
104,1912
104,1913
104,1914
104,1915
104,1916
104,1917
104,1918
104,1919
104,1920
104,1921
104,1922
104,1923
104,1924
104,1925
104,1926
104,1927
104,1928
104,1929
104,1930
104,1932
104,1933
104,1934
104,1935
104,1936
104,1937
104,1938
104,1939
104,2072
104,2073
104,2074
104,2075
104,2076
104,2077
104,2078
104,2079
104,2081
104,2087
104,2088
104,2089
104,2090
104,2091
104,2092
104,2093
104,2094
104,2095
104,2096
104,2097
104,2098
104,2099
104,2100
104,2101
104,2102
104,2103
104,2104
104,2105
104,2106
104,2107
104,2108
104,2109
104,2110
104,2111
104,2112
104,2113
104,2114
104,2115
104,2116
104,2117
104,2118
104,2119
104,2120
104,2121
104,2123
104,2124
104,2125
104,2126
104,2127
104,2128
104,2129
104,2130
104,2131
104,2132
104,2133
104,2134
104,2135
104,2136
104,2137
104,2138
104,2139
104,2140
104,2141
104,2142
104,2143
104,2144
104,2145
104,2146
104,2147
104,2148
104,2149
104,2150
104,2151
104,2152
104,2153
104,2154
104,2155
104,2156
104,2157
104,2158
104,2159
104,2161
104,2162
104,2163
104,2164
104,2165
104,2166
104,2167
104,2168
104,2169
104,2170
104,2171
104,2172
104,2173
104,2175
104,2176
104,2177
104,2178
104,2179
104,2180
104,2181
104,2182
104,2183
104,2184
104,2185
104,2186
104,2187
104,2188
104,2189
104,2190
104,2191
104,2192
104,2193
104,2194
104,2195
104,2196
104,2197
104,2198
104,2199
104,2200
104,2201
104,2202
104,2203
104,2322
104,2323
104,2324
104,2325
104,2326
104,2327
104,2328
104,2329
104,2330
104,2331
104,2332
104,2333
104,2334
104,2335
104,2336
104,2337
104,2339
104,2340
104,2341
104,2342
104,2343
104,2344
104,2345
104,2346
104,2347
104,2348
104,2349
104,2350
104,2351
104,2353
104,2354
104,2355
104,2356
104,2357
104,2358
104,2359
104,2360
104,2488
104,2489
104,2490
104,2491
104,2492
104,2493
104,2494
104,2495
104,2496
104,2497
104,2498
104,2499
104,2548
104,2549
104,2550
104,2551
104,2552
104,2553
104,2554
104,2555
104,2556
104,2557
104,2558
104,2559
104,2560
104,2561
104,2562
104,2563
104,2564
104,2565
104,2566
104,2567
104,2568
104,2569
104,2570
104,2571
104,2572
104,2573
104,2574
104,2575
104,2576
104,2577
104,2578
104,2579
104,2580
104,2581
104,2582
104,2583
104,2584
104,2585
104,2586
104,2587
104,2588
104,2589
104,2590
104,2591
104,2592
104,2593
104,2594
104,2595
104,2600
104,2601
104,2602
104,2603
104,2604
104,2605
104,2606
104,2607
104,2608
104,2609
104,2610
104,2611
104,2612
104,2613
104,2614
104,2615
104,2616
104,2617
104,2618
104,2619
104,2620
104,2621
104,2622
104,2623
104,2624
104,2625
104,2684
104,2685
104,2686
104,2687
104,2688
104,2689
104,2690
104,2691
104,2692
104,2693
104,2694
104,2695
104,2696
104,2697
104,2698
104,2699
104,2700
104,2701
104,2702
104,2703
104,2704
104,2705
104,2706
104,2707
104,2708
104,2709
104,2710
104,2711
104,2712
104,2713
104,2714
104,2715
104,2716
104,2717
104,2718
104,2719
104,2720
104,2721
104,2722
104,2723
104,2724
104,2725
104,2726
104,2727
104,2728
104,2729
104,2730
104,2731
104,2736
104,2737
104,2738
104,2739
104,2740
104,2741
104,2742
104,2743
104,2744
104,2745
104,2746
104,2747
104,2748
104,2749
104,2750
104,2751
104,2752
104,2753
104,2754
104,2755
104,2756
104,2757
104,2758
104,2759
104,2760
104,2761
104,2762
104,2763
104,2764
104,2765
104,2766
104,2767
104,2768
104,2769
104,2770
104,2771
104,2772
104,2773
104,2774
104,2775
104,2776
104,2777
104,2778
104,2779
104,2780
104,2781
104,2782
104,2786
104,2787
104,2819
104,2820
104,2821
104,2826
104,2827
104,2828
104,2829
104,2830
104,2831
104,2832
104,2833
104,2834
104,2835
104,2836
104,2837
104,2838
104,2839
104,2840
104,2841
104,2842
104,2843
104,2844
104,2845
104,2846
104,2847
104,2848
104,2849
104,2850
104,2851
104,2852
104,2853
104,2854
104,2855
104,2856
104,2857
104,2858
104,2859
104,2860
104,2861
104,2882
104,2883
104,2884
104,2885
104,2886
104,2887
104,2888
104,2889
104,2890
104,2891
104,2892
104,2893
104,2894
104,2895
104,2901
104,2902
104,2903
104,2904
104,2905
104,2906
104,2907
104,2908
104,2909
104,2910
104,2911
104,2912
104,2913
104,2914
104,2915
104,2916
104,2917
104,2918
104,2919
104,2920
104,2921
104,2922
104,2923
104,2924
104,2925
104,2926
104,2927
104,2928
104,2929
104,2930
104,2936
104,2937
104,2938
104,2939
104,2940
104,2941
104,2942
104,2943
104,2944
104,2945
104,2946
104,2947
104,3147
104,3148
104,3149
104,3150
104,3151
104,3152
104,3153
104,3154
104,3155
104,3161
104,3162
104,3163
104,3164
104,3165
104,3166
104,3167
104,3168
104,3169
104,3170
104,3171
104,3172
104,3173
104,3174
104,3175
104,3176
104,3177
104,3178
104,3179
104,3180
104,3181
104,3182
104,3183
104,3184
104,3185
104,3186
104,3192
104,3193
104,3194
104,3195
104,3196
104,3197
104,3198
104,3199
104,3200
104,3201
104,3202
104,3203
104,3204
104,3205
104,3206
104,3207
104,3208
104,3209
104,3210
104,3211
104,3217
104,3218
104,3219
104,3220
104,3221
104,3222
104,3223
104,3224
104,3225
104,3226
109,1
109,2
109,3
109,4
109,5
109,6
109,7
109,8
109,9
109,10
109,16
109,17
109,18
109,20
109,21
109,23
109,24
109,25
109,26
109,27
109,28
109,29
109,30
109,31
109,32
109,33
109,34
109,35
109,36
109,37
109,38
109,39
109,40
109,41
109,42
109,43
109,55
109,56
109,57
109,58
109,59
109,60
109,61
109,62
109,63
109,64
109,65
109,66
109,67
109,68
109,69
109,70
109,71
109,72
109,73
109,74
109,88
109,89
109,90
109,91
109,114
109,115
109,116
109,117
109,118
109,119
109,120
109,121
109,122
109,128
109,129
109,130
109,131
109,132
109,133
109,134
109,135
109,136
109,152
109,153
109,154
109,155
109,156
109,157
109,158
109,159
109,163
109,164
109,165
109,166
109,169
109,170
109,171
109,172
109,173
109,343
109,344
109,345
109,346
109,347
109,355
109,356
109,357
109,358
109,360
109,361
109,362
109,363
109,364
109,372
109,373
109,374
109,375
109,376
109,377
109,388
109,389
109,390
109,391
109,392
109,393
109,394
109,395
109,396
109,397
109,398
109,399
109,400
109,401
109,402
109,403
109,404
109,412
109,413
109,414
109,415
109,482
109,483
109,484
109,485
109,486
109,494
109,495
109,496
109,497
109,2488
109,2489
109,2490
109,2491
109,2492
109,2493
109,2494
109,2495
109,2496
109,2497
109,2498
109,2499
109,2500
109,2501
109,2502
109,2503
109,2504
109,2505
109,2506
109,2507
109,2508
109,2509
109,2510
109,2511
109,2512
109,2513
109,2514
109,2515
109,2516
109,2517
109,2518
109,2519
109,2520
109,2521
109,2522
109,2524
109,2525
109,2526
109,2527
109,2528
109,2529
109,2530
109,2531
109,2532
109,2533
109,2534
109,2535
109,2536
109,2537
109,2538
109,2539
109,2540
109,2541
109,2542
109,2543
109,2544
109,2545
109,2546
109,2547
109,2548
109,2549
109,2550
109,2551
109,2552
109,2553
109,2554
109,2555
109,2556
109,2557
109,2558
109,2559
109,2560
109,2561
109,2562
109,2563
109,2564
109,2565
109,2566
109,2567
109,2568
109,2569
109,2570
109,2571
109,2572
109,2573
109,2574
109,2575
109,2576
109,2577
109,2578
109,2579
109,2580
109,2581
109,2582
109,2583
109,2584
109,2585
109,2586
109,2587
109,2588
109,2589
109,2590
109,2591
109,2592
109,2593
109,2594
109,2595
109,2596
109,2597
109,2598
109,2599
109,2600
109,2601
109,2602
109,2603
109,2604
109,2605
109,2606
109,2607
109,2608
109,2609
109,2610
109,2611
109,2612
109,2613
109,2614
109,2615
109,2616
109,2617
109,2618
109,2619
109,2620
109,2621
109,2622
109,2623
109,2624
109,2625
109,2626
109,2627
109,2628
109,2629
109,2630
109,2631
109,2632
109,2633
109,2634
109,2635
109,2636
109,2637
109,2638
109,2639
109,2640
109,2641
109,2642
109,2643
109,2644
109,2676
109,2677
109,2678
109,2683
109,2827
109,2828
109,2829
109,2830
109,2831
109,2832
109,2833
109,2834
109,2835
109,2836
109,2837
109,2838
109,2839
109,2840
109,2841
109,2842
109,2843
109,2844
109,2845
109,2846
109,2847
109,2848
109,2849
109,2850
109,2851
109,2852
109,2853
109,2854
109,2855
109,2856
109,2857
109,2858
109,2859
109,2860
109,2861
109,2882
109,2883
109,2884
109,2885
109,2886
109,2887
109,2888
109,2889
109,2890
109,2891
109,2892
109,2893
109,2894
109,2895
109,2901
109,2902
109,2903
109,2904
109,2905
109,2906
109,2907
109,2908
109,2909
109,2910
109,2911
109,2912
109,2913
109,2914
109,2915
109,2916
109,2917
109,2918
109,2919
109,2920
109,2921
109,2922
109,2923
109,2924
109,2925
109,2926
109,2927
109,2928
109,2929
109,2930
109,2936
109,2937
109,2938
109,2939
109,2940
109,2941
109,2942
109,2943
109,2944
109,2945
109,2946
109,2947
109,3094
109,3095
109,3096
109,3097
109,3098
109,3099
109,3100
109,3101
109,3102
109,3103
109,3104
109,3105
109,3106
109,3107
109,3108
109,3109
109,3110
109,3111
109,3112
109,3113
109,3114
109,3115
109,3116
109,3117
109,3118
109,3119
109,3120
109,3121
109,3122
109,3123
109,3124
109,3125
109,3126
109,3127
109,3128
109,3129
109,3130
109,3131
109,3132
109,3133
109,3134
109,3135
109,3136
109,3137
109,3138
109,3139
109,3147
109,3148
109,3149
109,3150
109,3151
109,3152
109,3153
109,3154
109,3155
109,3161
109,3162
109,3163
109,3164
109,3165
109,3166
109,3167
109,3168
109,3169
109,3170
109,3171
109,3172
109,3173
109,3174
109,3175
109,3176
109,3177
109,3178
109,3179
109,3180
109,3181
109,3182
109,3183
109,3184
109,3185
109,3186
109,3192
109,3193
109,3194
109,3195
109,3196
109,3197
109,3198
109,3199
109,3200
109,3201
109,3202
109,3203
109,3204
109,3205
109,3206
109,3207
109,3208
109,3209
109,3210
109,3211
109,3217
109,3218
109,3219
109,3220
109,3221
109,3222
109,3223
109,3224
109,3225
109,3226
110,1
110,2
110,3
110,4
110,5
110,6
110,7
110,8
110,9
110,10
110,16
110,17
110,18
110,20
110,21
110,23
110,24
110,25
110,26
110,27
110,28
110,29
110,30
110,31
110,32
110,33
110,34
110,35
110,36
110,37
110,38
110,39
110,40
110,41
110,42
110,43
110,55
110,56
110,57
110,58
110,59
110,60
110,61
110,62
110,63
110,64
110,65
110,66
110,67
110,68
110,69
110,70
110,71
110,72
110,73
110,74
110,84
110,85
110,86
110,87
110,114
110,115
110,116
110,117
110,118
110,119
110,120
110,121
110,122
110,123
110,124
110,125
110,126
110,127
110,152
110,153
110,154
110,155
110,156
110,157
110,158
110,159
110,163
110,164
110,165
110,166
110,169
110,170
110,171
110,172
110,173
110,229
110,230
110,231
110,232
110,233
110,241
110,242
110,243
110,244
110,248
110,249
110,250
110,251
110,252
110,253
110,254
110,255
110,256
110,257
110,258
110,259
110,260
110,261
110,262
110,263
110,264
110,265
110,266
110,267
110,268
110,276
110,277
110,278
110,279
110,280
110,281
110,343
110,344
110,345
110,346
110,347
110,355
110,356
110,357
110,358
110,431
110,432
110,433
110,434
110,435
110,443
110,444
110,445
110,453
110,454
110,455
110,456
110,457
110,458
110,459
110,460
110,461
110,462
110,463
110,464
110,465
110,466
110,467
110,468
110,469
110,477
110,478
110,479
110,480
110,766
110,767
110,768
110,769
110,770
110,771
110,772
110,773
110,774
110,775
110,776
110,777
110,778
110,779
110,780
110,781
110,782
110,783
110,784
110,785
110,786
110,787
110,788
110,789
110,790
110,791
110,792
110,793
110,794
110,795
110,796
110,797
110,798
110,799
110,800
110,801
110,802
110,803
110,804
110,805
110,806
110,807
110,808
110,809
110,810
110,811
110,812
110,813
110,814
110,864
110,865
110,866
110,867
110,868
110,869
110,870
110,871
110,872
110,873
110,874
110,875
110,876
110,877
110,878
110,879
110,880
110,881
110,882
110,883
110,884
110,885
110,886
110,887
110,888
110,889
110,890
110,1639
110,1640
110,1641
110,1642
110,1643
110,1644
110,1645
110,1646
110,1647
110,1648
110,1649
110,1650
110,1651
110,1652
110,1653
110,1654
110,1655
110,1656
110,1657
110,1658
110,1659
110,1660
110,1661
110,1662
110,1663
110,1664
110,1665
110,1666
110,1667
110,1668
110,1669
110,1670
110,1671
110,1672
110,1673
110,1674
110,1675
110,1676
110,1677
110,1678
110,1679
110,1680
110,1681
110,1682
110,1683
110,1684
110,1685
110,1686
110,1687
110,1688
110,1689
110,1690
110,1691
110,1692
110,1693
110,1694
110,1695
110,1696
110,1697
110,1698
110,1699
110,1700
110,1701
110,1702
110,1703
110,1704
110,1705
110,1706
110,1707
110,1736
110,1737
110,1738
110,1739
110,1740
110,1741
110,1742
110,1743
110,1744
110,1745
110,1746
110,1747
110,1748
110,1749
110,1750
110,1751
110,1752
110,1753
110,1754
110,1755
110,1756
110,1757
110,1758
110,1759
110,1760
110,1761
110,1762
110,1763
110,1764
110,1765
110,1766
110,1767
110,1768
110,1769
110,1770
110,1771
110,1772
110,1773
110,1774
110,1775
110,1776
110,1777
110,1778
110,1779
110,1780
110,1781
110,1782
110,1783
110,1784
110,1785
110,1786
110,1787
110,1788
110,1789
110,1790
110,1791
110,1792
110,1793
110,1794
110,1795
110,1820
110,1821
110,1822
110,1823
110,1824
110,1825
110,1826
110,1827
110,1828
110,1835
110,1836
110,1837
110,1838
110,1839
110,1840
110,1841
110,1842
110,1843
110,1844
110,1845
110,1846
110,1847
110,1848
110,1849
110,1850
110,1851
110,1858
110,1859
110,1860
110,1861
110,1862
110,1863
110,1864
110,1865
110,1866
110,1867
110,1868
110,1869
110,1870
110,1871
110,1872
110,1873
110,1874
110,1881
110,1882
110,1883
110,1884
110,1885
110,1886
110,1887
110,1888
110,1889
110,1890
110,1891
110,1892
110,1893
110,1894
110,1895
110,1899
110,1900
110,1901
110,1902
110,1903
110,1904
110,1905
110,1906
110,1907
110,1908
110,1909
110,1910
110,1911
110,1912
110,1913
110,1914
110,1915
110,1916
110,1917
110,1918
110,1919
110,1920
110,1921
110,1922
110,1923
110,1924
110,1925
110,1926
110,1927
110,1928
110,1929
110,1930
110,1931
110,1932
110,1933
110,1934
110,1935
110,1936
110,1937
110,1938
110,1939
110,2072
110,2073
110,2074
110,2075
110,2076
110,2077
110,2078
110,2079
110,2081
110,2087
110,2088
110,2548
110,2549
110,2550
110,2551
110,2552
110,2553
110,2554
110,2555
110,2556
110,2557
110,2558
110,2559
110,2560
110,2561
110,2562
110,2563
110,2564
110,2565
110,2566
110,2567
110,2568
110,2579
110,2580
110,2581
110,2582
110,2583
110,2584
110,2585
110,2586
110,2587
110,2588
110,2589
110,2590
110,2591
110,2592
110,2593
110,2594
110,2595
110,2596
110,2597
110,2598
110,2599
110,2600
110,2601
110,2602
110,2603
110,2604
110,2605
110,2606
110,2607
110,2608
110,2609
110,2610
110,2611
110,2612
110,2613
110,2614
110,2615
110,2616
110,2617
110,2618
110,2619
110,2620
110,2621
110,2622
110,2623
110,2624
110,2625
110,2626
110,2627
110,2628
110,2629
110,2630
110,2631
110,2632
110,2633
110,2634
110,2635
110,2636
110,2637
110,2638
110,2639
110,2643
110,2644
110,2645
110,2646
110,2647
110,2648
110,2649
110,2650
110,2651
110,2652
110,2653
110,2654
110,2655
110,2656
110,2657
110,2658
110,2659
110,2660
110,2661
110,2662
110,2663
110,2664
110,2665
110,2666
110,2667
110,2668
110,2669
110,2670
110,2676
110,2677
110,2678
110,2683
110,2841
110,2842
110,2843
110,2844
110,2845
110,2846
110,2847
110,2848
110,2849
110,2850
110,2851
110,2852
110,2853
110,2854
110,2855
110,2856
110,2857
110,2858
110,2859
110,2860
110,2861
110,2862
110,2863
110,2864
110,2865
110,2866
110,2867
110,2868
110,2869
110,2870
110,2871
110,2872
110,2873
110,2874
110,2882
110,2883
110,2884
110,2885
110,2886
110,2887
110,2888
110,2889
110,2890
110,2891
110,2892
110,2893
110,2894
110,2895
110,2901
110,2902
110,2903
110,2904
110,2905
110,2906
110,2907
110,2908
110,2909
110,2910
110,2911
110,2912
110,2913
110,2914
110,2915
110,2916
110,2917
110,2918
110,2919
110,2920
110,2921
110,2922
110,2923
110,2924
110,2925
110,2926
110,2927
110,2928
110,2929
110,2930
110,2936
110,2937
110,2938
110,2939
110,2940
110,2941
110,2942
110,2943
110,2944
110,2945
110,2946
110,2947
110,2948
110,2949
110,2950
110,2951
110,2952
110,2953
110,2954
110,2955
110,2956
110,2957
110,2958
110,2959
110,2960
110,2961
110,2967
110,2968
110,2969
110,2970
110,2971
110,2972
110,2973
110,2974
110,2975
110,2976
110,2977
110,2978
110,2979
110,2980
110,2981
110,2982
110,2983
110,2984
110,2985
110,2986
110,2987
110,2988
110,2989
110,2990
110,2991
110,2992
110,2993
110,2994
110,2995
110,2996
110,2997
110,2998
110,2999
110,3000
110,3001
110,3002
110,3003
110,3004
110,3010
110,3011
110,3012
110,3013
110,3014
110,3015
110,3016
110,3017
110,3018
110,3019
110,3020
110,3021
110,3022
110,3023
110,3024
110,3025
110,3026
110,3027
110,3028
110,3029
110,3030
110,3031
110,3032
110,3033
110,3034
110,3035
110,3036
110,3037
110,3038
110,3039
110,3045
110,3046
110,3047
110,3048
110,3049
110,3050
110,3051
110,3052
110,3053
110,3054
110,3055
110,3056
110,3057
110,3058
110,3059
110,3060
110,3061
110,3062
110,3063
110,3064
110,3065
110,3066
110,3067
110,3068
110,3069
110,3070
110,3071
110,3072
110,3073
110,3074
110,3075
110,3076
110,3077
110,3078
110,3079
110,3080
110,3147
110,3148
110,3149
110,3150
110,3151
110,3152
110,3153
110,3154
110,3155
110,3161
110,3162
110,3163
110,3164
110,3165
110,3166
110,3167
110,3168
110,3169
110,3170
110,3171
110,3172
110,3173
110,3174
110,3175
110,3176
110,3177
110,3178
110,3179
110,3180
110,3181
110,3182
110,3183
110,3184
110,3185
110,3186
110,3192
110,3193
110,3194
110,3195
110,3196
110,3197
110,3198
110,3199
110,3200
110,3201
110,3202
110,3203
110,3204
110,3205
110,3206
110,3207
110,3208
110,3209
110,3210
110,3211
110,3217
110,3218
110,3219
110,3220
110,3221
110,3222
110,3223
110,3224
110,3225
110,3226
110,3227
110,3228
110,3229
110,3230
110,3231
110,3232
110,3233
110,3234
110,3235
110,3241
110,3242
110,3243
110,3244
110,3245
110,3246
110,3247
110,3248
110,3249
110,3250
110,3251
110,3252
110,3253
110,3254
110,3255
110,3256
110,3257
110,3258
110,3259
110,3260
110,3261
110,3262
110,3263
110,3264
110,3270
110,3271
110,3272
110,3273
110,3274
110,3275
110,3276
110,3277
110,3278
110,3279
110,3280
110,3281
110,3282
110,3283
110,3284
110,3285
110,3286
110,3287
110,3288
110,3289
110,3295
110,3296
110,3297
110,3298
110,3299
110,3300
110,3301
110,3302
110,3303
110,3304
110,3305
110,3306
110,3307
110,3308
110,3309
110,3310
116,1
116,2
116,3
116,4
116,5
116,6
116,7
116,8
116,9
116,10
116,16
116,17
116,18
116,20
116,21
116,23
116,24
116,25
116,26
116,27
116,28
116,29
116,30
116,31
116,32
116,33
116,34
116,35
116,36
116,37
116,38
116,39
116,40
116,41
116,42
116,43
116,55
116,56
116,57
116,58
116,59
116,60
116,61
116,62
116,63
116,64
116,65
116,66
116,67
116,68
116,69
116,70
116,71
116,72
116,73
116,74
116,84
116,85
116,86
116,87
116,88
116,89
116,90
116,91
116,152
116,153
116,154
116,155
116,156
116,157
116,158
116,159
116,163
116,164
116,165
116,166
116,169
116,170
116,171
116,172
116,173
116,229
116,230
116,231
116,232
116,233
116,241
116,242
116,243
116,244
116,248
116,249
116,250
116,251
116,252
116,253
116,254
116,255
116,256
116,257
116,258
116,259
116,260
116,261
116,262
116,263
116,264
116,265
116,266
116,267
116,268
116,276
116,277
116,278
116,279
116,280
116,281
116,343
116,344
116,345
116,346
116,347
116,355
116,356
116,357
116,358
116,360
116,361
116,362
116,363
116,364
116,372
116,373
116,374
116,375
116,376
116,377
116,388
116,389
116,390
116,391
116,392
116,393
116,394
116,395
116,396
116,397
116,398
116,399
116,400
116,401
116,402
116,403
116,404
116,412
116,413
116,414
116,415
116,431
116,432
116,433
116,434
116,435
116,443
116,444
116,445
116,453
116,454
116,455
116,456
116,457
116,458
116,459
116,460
116,461
116,462
116,463
116,464
116,465
116,466
116,467
116,468
116,469
116,477
116,478
116,479
116,480
116,482
116,483
116,484
116,485
116,486
116,494
116,495
116,496
116,497
116,950
116,951
116,952
116,953
116,954
116,955
116,956
116,957
116,958
116,959
116,960
116,961
116,962
116,963
116,964
116,965
116,966
116,967
116,968
116,969
116,970
116,971
116,977
116,978
116,979
116,980
116,981
116,982
116,983
116,984
116,985
116,986
116,987
116,988
116,1006
116,1007
116,1350
116,1351
116,1354
116,1355
116,1356
116,1357
116,1358
116,1361
116,1362
116,1363
116,1364
116,1365
116,1366
116,1367
116,1377
116,1378
116,1379
116,1380
116,1381
116,1382
116,1383
116,1384
116,1385
116,1386
116,1387
116,1388
116,1401
116,1402
116,1403
116,1404
116,1405
116,1406
116,1639
116,1640
116,1641
116,1642
116,1643
116,1644
116,1645
116,1646
116,1647
116,1648
116,1649
116,1650
116,1651
116,1652
116,1653
116,1654
116,1655
116,1656
116,1657
116,1658
116,1659
116,1660
116,1661
116,1662
116,1663
116,1664
116,1665
116,1666
116,1667
116,1668
116,1669
116,1670
116,1671
116,1672
116,1673
116,1674
116,1675
116,1676
116,1677
116,1678
116,1679
116,1680
116,1681
116,1682
116,1683
116,1684
116,1685
116,1686
116,1687
116,1688
116,1689
116,1690
116,1691
116,1692
116,1693
116,1694
116,1695
116,1696
116,1697
116,1698
116,1699
116,1700
116,1701
116,1702
116,1703
116,1704
116,1705
116,1706
116,1707
116,1736
116,1737
116,1738
116,1739
116,1740
116,1741
116,1742
116,1743
116,1744
116,1745
116,1746
116,1747
116,1748
116,1749
116,1750
116,1751
116,1752
116,1753
116,1754
116,1755
116,1756
116,1757
116,1758
116,1759
116,1760
116,1761
116,1808
116,1809
116,1810
116,1811
116,1812
116,1813
116,1899
116,1900
116,1901
116,1902
116,1903
116,1904
116,1905
116,1906
116,1907
116,1908
116,1909
116,1910
116,1911
116,1912
116,1913
116,1914
116,1915
116,1916
116,1917
116,1918
116,1919
116,1920
116,1921
116,1922
116,1923
116,1924
116,1925
116,1926
116,1927
116,1928
116,1929
116,1930
116,1932
116,1933
116,1934
116,1935
116,1936
116,1937
116,1938
116,1939
116,2072
116,2073
116,2074
116,2075
116,2076
116,2077
116,2078
116,2079
116,2081
116,2087
116,2548
116,2549
116,2550
116,2551
116,2552
116,2553
116,2554
116,2555
116,2556
116,2557
116,2558
116,2559
116,2560
116,2561
116,2562
116,2563
116,2564
116,2565
116,2566
116,2567
116,2568
116,2569
116,2570
116,2571
116,2572
116,2573
116,2574
116,2575
116,2576
116,2577
116,2578
116,2579
116,2580
116,2581
116,2582
116,2583
116,2584
116,2585
116,2586
116,2587
116,2588
116,2589
116,2590
116,2591
116,2592
116,2593
116,2594
116,2595
116,2596
116,2597
116,2598
116,2599
116,2600
116,2601
116,2602
116,2603
116,2604
116,2605
116,2606
116,2607
116,2608
116,2609
116,2610
116,2611
116,2612
116,2613
116,2614
116,2615
116,2616
116,2617
116,2618
116,2619
116,2620
116,2621
116,2622
116,2623
116,2624
116,2625
119,1
119,2
119,3
119,4
119,5
119,6
119,7
119,8
119,9
119,10
119,16
119,17
119,18
119,20
119,21
119,23
119,24
119,25
119,26
119,27
119,28
119,29
119,30
119,31
119,32
119,33
119,34
119,35
119,36
119,37
119,38
119,39
119,40
119,41
119,55
119,56
119,57
119,58
119,59
119,60
119,61
119,63
119,64
119,65
119,66
119,67
119,68
119,69
119,70
119,71
119,72
119,73
119,74
119,152
119,153
119,154
119,155
119,156
119,157
119,158
119,159
119,163
119,164
119,165
119,166
119,169
119,170
119,171
119,172
119,173
119,343
119,344
119,345
119,346
119,347
119,355
119,356
119,357
119,358
119,360
119,361
119,362
119,363
119,364
119,365
119,366
119,367
119,368
119,369
119,370
119,372
119,373
119,374
119,375
119,376
119,377
119,388
119,389
119,390
119,392
119,393
119,394
119,395
119,396
119,397
119,398
119,399
119,400
119,401
119,402
119,403
119,404
119,405
119,406
119,407
119,408
119,409
119,410
119,412
119,413
119,414
119,415
119,537
119,538
119,539
119,540
119,541
119,542
119,543
119,544
119,554
119,555
119,556
119,560
119,561
119,562
119,563
119,564
119,565
119,566
119,567
119,568
119,569
119,2548
119,2549
119,2550
119,2551
119,2552
119,2553
119,2554
119,2555
119,2556
119,2557
119,2558
119,2559
119,2560
119,2561
119,2562
119,2563
119,2564
119,2565
119,2566
119,2567
119,2568
119,2569
119,2570
119,2571
119,2572
119,2573
119,2574
119,2575
119,2576
119,2577
119,2578
119,2579
119,2580
119,2581
119,2582
119,2583
119,2584
119,2585
119,2586
119,2587
119,2588
119,2589
119,2590
119,2591
119,2592
119,2593
119,2594
119,2595
119,2600
119,2601
119,2602
119,2603
119,2604
119,2605
119,2606
119,2607
119,2608
119,2609
119,2610
119,2611
119,2612
119,2613
119,2614
119,2615
119,2616
119,2617
119,2618
119,2619
119,2620
119,2621
119,2622
119,2623
119,2624
119,2625
