rank,test
1,org.apache.commons.csv.CSVPrinterTest#testHeaderNotSet
2,org.apache.commons.csv.issues.JiraCsv203Test#testQuoteModeMinimal
3,org.apache.commons.csv.LexerTest#testEscapingAtEOF
4,org.apache.commons.csv.CSVPrinterTest#testMySqlNullStringDefault
5,org.apache.commons.csv.CSVPrinterTest#testSingleQuoteQuoted
6,org.apache.commons.csv.CSVFormatTest#testEqualsNoQuotes
7,org.apache.commons.csv.CSVPrinterTest#testRandomMySql
8,org.apache.commons.csv.CSVFormatPredefinedTest#testOracle
9,org.apache.commons.csv.CSVParserTest#testCarriageReturnEndings
10,org.apache.commons.csv.ExtendedBufferedReaderTest#testReadLookahead2
11,org.apache.commons.csv.LexerTest#testTab
12,org.apache.commons.csv.CSVParserTest#testExcelFormat2
13,org.apache.commons.csv.CSVParserTest#testTrailingDelimiter
14,org.apache.commons.csv.CSVRecordTest#testGetInt
15,org.apache.commons.csv.CSVParserTest#testGetLineNumberWithCRLF
16,org.apache.commons.csv.CSVFileParserTest#testCSVFile[3]
17,org.apache.commons.csv.CSVParserTest#testGetRecords
18,org.apache.commons.csv.CSVPrinterTest#testTrimOffOneColumn
19,org.apache.commons.csv.LexerTest#testBackspace
20,org.apache.commons.csv.LexerTest#testEscapedBackspace
21,org.apache.commons.csv.CSVFormatTest#testWithRecordSeparatorLF
22,org.apache.commons.csv.TokenMatchersTest#testIsReady
23,org.apache.commons.csv.issues.JiraCsv203Test#testWithoutQuoteMode
24,org.apache.commons.csv.CSVFormatTest#testEquals
25,org.apache.commons.csv.LexerTest#testEscapedLF
26,org.apache.commons.csv.CSVRecordTest#testGetUnmappedNegativeInt
27,org.apache.commons.csv.CSVRecordTest#testIsConsistent
28,org.apache.commons.csv.CSVFormatTest#testWithHeaderEnum
29,org.apache.commons.csv.CSVPrinterTest#testMySqlNullOutput
30,org.apache.commons.csv.CSVFormatTest#testNullRecordSeparatorCsv106
31,org.apache.commons.csv.CSVParserTest#testParseNullUrlCharsetFormat
32,org.apache.commons.csv.CSVPrinterTest#testEscapeBackslash3
33,org.apache.commons.csv.CSVFormatTest#testWithIgnoreSurround
34,org.apache.commons.csv.CSVPrinterTest#testInvalidFormat
35,org.apache.commons.csv.CSVRecordTest#testToMap
36,org.apache.commons.csv.CSVFormatTest#testEqualsQuoteChar
37,org.apache.commons.csv.CSVFormatTest#testQuoteCharSameAsCommentStartThrowsExceptionForWrapperType
38,org.apache.commons.csv.CSVParserTest#testRoundtrip
39,org.apache.commons.csv.CSVParserTest#testGetOneLineOneParser
40,org.apache.commons.csv.CSVPrinterTest#testEscapeBackslash2
41,org.apache.commons.csv.issues.JiraCsv203Test#testQuoteModeNonNumeric
42,org.apache.commons.csv.CSVParserTest#testFirstEndOfLineCrLf
43,org.apache.commons.csv.CSVPrinterTest#testPlainEscaped
44,org.apache.commons.csv.CSVFormatTest#testWithQuoteChar
45,org.apache.commons.csv.CSVFormatTest#testEscapeSameAsCommentStartThrowsException
46,org.apache.commons.csv.CSVFormatTest#testWithHeaderComments
47,org.apache.commons.csv.LexerTest#testEscapedTab
48,org.apache.commons.csv.CSVPrinterTest#testPrinter5
49,org.apache.commons.csv.CSVFormatTest#testEqualsNullString
50,org.apache.commons.csv.CSVFormatTest#testRFC4180
51,org.apache.commons.csv.CSVFormatTest#testToStringAndWithCommentMarkerTakingCharacter
52,org.apache.commons.csv.CSVFormatTest#testEqualsWithNull
53,org.apache.commons.csv.CSVPrinterTest#testDelimeterQuoteNONE
54,org.apache.commons.csv.CSVParserTest#testEndOfFileBehaviourExcel
55,org.apache.commons.csv.perf.PerformanceTest#testParseBigFileRepeat
56,org.apache.commons.csv.AssertionsTest#testNotNull
57,org.apache.commons.csv.CSVPrinterTest#testNewCsvPrinterAppendableNullFormat
58,org.apache.commons.csv.issues.JiraCsv203Test#testWithEmptyValues
59,org.apache.commons.csv.CSVFormatTest#testQuoteCharSameAsCommentStartThrowsException
60,org.apache.commons.csv.CSVFormatPredefinedTest#testPostgreSqlText
61,org.apache.commons.csv.CSVParserTest#testCarriageReturnLineFeedEndings
62,org.apache.commons.csv.CSVPrinterTest#testPlainPlain
63,org.apache.commons.csv.LexerTest#testEscapedCharacter
64,org.apache.commons.csv.CSVPrinterTest#testEscapeNull5
65,org.apache.commons.csv.CSVFormatTest#testWithCommentStart
66,org.apache.commons.csv.CSVFormatTest#testDelimiterSameAsEscapeThrowsException
67,org.apache.commons.csv.CSVFormatPredefinedTest#testTDF
68,org.apache.commons.csv.CSVPrinterTest#testQuoteAll
69,org.apache.commons.csv.CSVPrinterTest#testExcelPrinter2
70,org.apache.commons.csv.CSVFormatTest#testEscapeSameAsCommentStartThrowsExceptionForWrapperType
71,org.apache.commons.csv.CSVPrinterTest#testExcelPrintAllArrayOfLists
72,org.apache.commons.csv.CSVFormatPredefinedTest#testMySQL
73,org.apache.commons.csv.CSVParserTest#testInvalidFormat
74,org.apache.commons.csv.LexerTest#testNextToken5
75,org.apache.commons.csv.CSVParserTest#testEndOfFileBehaviorCSV
76,org.apache.commons.csv.CSVPrinterTest#testCloseWithFlushOn
77,org.apache.commons.csv.CSVPrinterTest#testHeaderCommentExcel
78,org.apache.commons.csv.CSVParserTest#testHeaderComment
79,org.apache.commons.csv.CSVFileParserTest#testCSVFile[0]
80,org.apache.commons.csv.CSVParserTest#testParseUrlCharsetNullFormat
81,org.apache.commons.csv.CSVRecordTest#testGetUnmappedPositiveInt
82,org.apache.commons.csv.CSVParserTest#testNewCSVParserReaderNullFormat
83,org.apache.commons.csv.CSVPrinterTest#testCloseWithCsvFormatAutoFlushOn
84,org.apache.commons.csv.CSVPrinterTest#testEOLEscaped
85,org.apache.commons.csv.CSVParserTest#testDefaultFormat
86,org.apache.commons.csv.CSVParserTest#testHeadersMissingException
87,org.apache.commons.csv.CSVFormatTest#testWithQuotePolicy
88,org.apache.commons.csv.CSVFormatTest#testWithSystemRecordSeparator
89,org.apache.commons.csv.CSVFileParserTest#testCSVFile[5]
90,org.apache.commons.csv.CSVFormatTest#testFormat
91,org.apache.commons.csv.CSVFormatTest#testQuotePolicyNoneWithoutEscapeThrowsException
92,org.apache.commons.csv.CSVFormatTest#testEqualsIgnoreEmptyLines
93,org.apache.commons.csv.CSVParserTest#testProvidedHeaderAuto
94,org.apache.commons.csv.CSVPrinterTest#testPrint
95,org.apache.commons.csv.AssertionsTest#testNotNullNull
96,org.apache.commons.csv.CSVFormatTest#testEqualsOne
97,org.apache.commons.csv.CSVFormatTest#testWithEmptyEnum
98,org.apache.commons.csv.CSVRecordTest#testGetString
99,org.apache.commons.csv.CSVPrinterTest#testPrintToPathWithDefaultCharset
100,org.apache.commons.csv.CSVParserTest#testParserUrlNullCharsetFormat
101,org.apache.commons.csv.LexerTest#testEscapedCR
102,org.apache.commons.csv.CSVPrinterTest#testSkipHeaderRecordFalse
103,org.apache.commons.csv.CSVPrinterTest#testPrinter4
104,org.apache.commons.csv.CSVParserTest#testSkipSetHeader
105,org.apache.commons.csv.CSVRecordTest#testGetStringInconsistentRecord
106,org.apache.commons.csv.CSVPrinterTest#testPrinter7
107,org.apache.commons.csv.CSVFormatTest#testWithFirstRecordAsHeader
108,org.apache.commons.csv.CSVRecordTest#testToMapWithShortRecord
109,org.apache.commons.csv.CSVPrinterTest#testQuoteNonNumeric
110,org.apache.commons.csv.CSVPrinterTest#testPrintToFileWithCharsetUtf16Be
111,org.apache.commons.csv.CSVPrinterTest#testEscapeNull1
112,org.apache.commons.csv.TokenMatchersTest#testHasType
113,org.apache.commons.csv.CSVFormatPredefinedTest#testPostgreSqlCsv
114,org.apache.commons.csv.TokenMatchersTest#testMatches
115,org.apache.commons.csv.CSVParserTest#testGetRecordNumberWithCR
116,org.apache.commons.csv.CSVPrinterTest#testTrimOnOneColumn
117,org.apache.commons.csv.LexerTest#testEscapedControlCharacter
118,org.apache.commons.csv.ExtendedBufferedReaderTest#testReadChar
119,org.apache.commons.csv.CSVParserTest#testEmptyFile
120,org.apache.commons.csv.issues.JiraCsv203Test#testQuoteModeAll
121,org.apache.commons.csv.CSVPrinterTest#testTrailingDelimiterOnTwoColumns
122,org.apache.commons.csv.LexerTest#testBackslashWithoutEscaping
123,org.apache.commons.csv.CSVParserTest#testLineFeedEndings
124,org.apache.commons.csv.CSVParserTest#testTrim
125,org.apache.commons.csv.ExtendedBufferedReaderTest#testEmptyInput
126,org.apache.commons.csv.LexerTest#testCR
127,org.apache.commons.csv.LexerTest#testDelimiterIsWhitespace
128,org.apache.commons.csv.CSVPrinterTest#testPrintCustomNullValues
129,org.apache.commons.csv.ExtendedBufferedReaderTest#testReadLookahead1
130,org.apache.commons.csv.CSVPrinterTest#testEscapeNull4
131,org.apache.commons.csv.CSVFormatTest#testEqualsRecordSeparator
132,org.apache.commons.csv.CSVPrinterTest#testPrintToFileWithDefaultCharset
133,org.apache.commons.csv.CSVFileParserTest#testCSVFile[1]
134,org.apache.commons.csv.CSVPrinterTest#testPrintOnePositiveInteger
135,org.apache.commons.csv.CSVFormatTest#testDelimiterSameAsCommentStartThrowsException
136,org.apache.commons.csv.CSVPrinterTest#testEscapeBackslash5
137,org.apache.commons.csv.issues.JiraCsv198Test#test
138,org.apache.commons.csv.CSVFormatTest#testSerialization
139,org.apache.commons.csv.CSVParserTest#testGetRecordWithMultiLineValues
140,org.apache.commons.csv.CSVFormatTest#testNewFormat
141,org.apache.commons.csv.CSVParserTest#testMultipleIterators
142,org.apache.commons.csv.CSVRecordTest#testPutInMap
143,org.apache.commons.csv.CSVFormatTest#testQuoteCharSameAsDelimiterThrowsException
144,org.apache.commons.csv.CSVFormatTest#testWithRecordSeparatorCRLF
145,org.apache.commons.csv.CSVPrinterTest#testRandomTdf
146,org.apache.commons.csv.LexerTest#testFF
147,org.apache.commons.csv.CSVParserTest#testHeadersMissing
148,org.apache.commons.csv.CSVFileParserTest#testCSVFile[4]
149,org.apache.commons.csv.CSVParserTest#testParseStringNullFormat
150,org.apache.commons.csv.LexerTest#testSurroundingTabsAreDeleted
151,org.apache.commons.csv.CSVPrinterTest#testEscapeNull2
152,org.apache.commons.csv.CSVParserTest#testGetRecordNumberWithLF
153,org.apache.commons.csv.CSVFormatTest#testHashCodeAndWithIgnoreHeaderCase
154,org.apache.commons.csv.CSVPrinterTest#testJdbcPrinterWithResultSetMetaData
155,org.apache.commons.csv.LexerTest#testIgnoreEmptyLines
156,org.apache.commons.csv.CSVParserTest#testParseNullStringFormat
157,org.apache.commons.csv.CSVParserTest#testGetLineNumberWithLF
158,org.apache.commons.csv.CSVFormatPredefinedTest#testExcel
159,org.apache.commons.csv.CSVParserTest#testGetOneLine
160,org.apache.commons.csv.CSVFormatTest#testEqualsDelimiter
161,org.apache.commons.csv.CSVFormatTest#testEqualsCommentStart
162,org.apache.commons.csv.CSVPrinterTest#testSingleLineComment
163,org.apache.commons.csv.CSVFormatTest#testFormatThrowsNullPointerException
164,org.apache.commons.csv.CSVParserTest#testSkipHeaderOverrideDuplicateHeaders
165,org.apache.commons.csv.CSVParserTest#testBackslashEscaping2
166,org.apache.commons.csv.CSVFormatTest#testWithIgnoreEmptyLines
167,org.apache.commons.csv.CSVParserTest#testSkipSetAltHeaders
168,org.apache.commons.csv.CSVPrinterTest#testRandomDefault
169,org.apache.commons.csv.CSVParserTest#testFirstEndOfLineCr
170,org.apache.commons.csv.LexerTest#testEscapedFF
171,org.apache.commons.csv.CSVFormatPredefinedTest#testDefault
172,org.apache.commons.csv.LexerTest#testLF
173,org.apache.commons.csv.CSVPrinterTest#testJdbcPrinterWithResultSet
174,org.apache.commons.csv.CSVPrinterTest#testParseCustomNullValues
175,org.apache.commons.csv.CSVParserTest#testGetLine
176,org.apache.commons.csv.CSVPrinterTest#testHeaderCommentTdf
177,org.apache.commons.csv.CSVFormatTest#testGetHeader
178,org.apache.commons.csv.CSVParserTest#testParseNullFileFormat
179,org.apache.commons.csv.CSVFileParserTest#testCSVFile[2]
180,org.apache.commons.csv.CSVParserTest#testForEach
181,org.apache.commons.csv.CSVRecordTest#testToMapWithNoHeader
182,org.apache.commons.csv.CSVPrinterTest#testCloseBackwardCompatibility
183,org.apache.commons.csv.CSVRecordTest#testIsSet
184,org.apache.commons.csv.CSVPrinterTest#testEOLQuoted
185,org.apache.commons.csv.CSVPrinterTest#testRandomExcel
186,org.apache.commons.csv.CSVParserTest#testNoHeaderMap
187,org.apache.commons.csv.CSVFormatTest#testEqualsEscape
188,org.apache.commons.csv.CSVParserTest#testGetHeaderMap
189,org.apache.commons.csv.CSVParserTest#testGetRecordNumberWithCRLF
190,org.apache.commons.csv.LexerTest#testComments
191,org.apache.commons.csv.CSVRecordTest#testRemoveAndAddColumns
192,org.apache.commons.csv.CSVParserTest#testFirstEndOfLineLf
193,org.apache.commons.csv.CSVFormatTest#testToString
194,org.apache.commons.csv.CSVPrinterTest#testPrintNullValues
195,org.apache.commons.csv.CSVFormatPredefinedTest#testRFC4180
196,org.apache.commons.csv.CSVPrinterTest#testDisabledComment
197,org.apache.commons.csv.CSVFormatTest#testWithDelimiter
198,org.apache.commons.csv.LexerTest#testSurroundingSpacesAreDeleted
199,org.apache.commons.csv.CSVPrinterTest#testNewCSVPrinterNullAppendableFormat
200,org.apache.commons.csv.CSVPrinterTest#testDelimiterEscaped
201,org.apache.commons.csv.CSVFormatTest#testWithNullString
202,org.apache.commons.csv.CSVParserTest#testExcelFormat1
203,org.apache.commons.csv.CSVPrinterTest#testExcelPrintAllIterableOfLists
204,org.apache.commons.csv.TokenMatchersTest#testHasContent
205,org.apache.commons.csv.CSVPrinterTest#testPrinter1
206,org.apache.commons.csv.CSVFormatTest#testWithEscape
207,org.apache.commons.csv.CSVRecordTest#testIsMapped
208,org.apache.commons.csv.CSVParserTest#testGetLineNumberWithCR
209,org.apache.commons.csv.CSVPrinterTest#testPrinter3
210,org.apache.commons.csv.CSVParserTest#testIgnoreEmptyLines
211,org.apache.commons.csv.CSVFormatTest#testWithDelimiterLFThrowsException
212,org.apache.commons.csv.CSVRecordTest#testGetStringNoHeader
213,org.apache.commons.csv.CSVPrinterTest#testRandomRfc4180
214,org.apache.commons.csv.CSVParserTest#testEmptyLineBehaviourCSV
215,org.apache.commons.csv.CSVPrinterTest#testTrimOnTwoColumns
216,org.apache.commons.csv.CSVPrinterTest#testExcelPrintAllArrayOfArrays
217,org.apache.commons.csv.CSVParserTest#testSkipAutoHeader
218,org.apache.commons.csv.CSVPrinterTest#testSkipHeaderRecordTrue
219,org.apache.commons.csv.CSVFormatTest#testWithHeader
220,org.apache.commons.csv.CSVParserTest#testMappedButNotSetAsOutlook2007ContactExport
221,org.apache.commons.csv.CSVFormatTest#testWithRecordSeparatorCR
222,org.apache.commons.csv.CSVParserTest#testDuplicateHeaders
223,org.apache.commons.csv.CSVFormatTest#testEqualsSkipHeaderRecord
224,org.apache.commons.csv.CSVFormatTest#testWithEscapeCRThrowsExceptions
225,org.apache.commons.csv.CSVParserTest#testClose
226,org.apache.commons.csv.CSVPrinterTest#testPlainQuoted
227,org.apache.commons.csv.CSVPrinterTest#testEscapeBackslash4
228,org.apache.commons.csv.LexerTest#testBackslashWithEscaping
229,org.apache.commons.csv.CSVParserTest#testIterator
230,org.apache.commons.csv.CSVPrinterTest#testCloseWithCsvFormatAutoFlushOff
231,org.apache.commons.csv.CSVParserTest#testNewCSVParserNullReaderFormat
232,org.apache.commons.csv.CSVPrinterTest#testCloseWithFlushOff
233,org.apache.commons.csv.CSVPrinterTest#testPostgreSQLNullStringDefaultCsv
234,org.apache.commons.csv.LexerTest#testEscapedControlCharacter2
235,org.apache.commons.csv.CSVPrinterTest#testQuoteCommaFirstChar
236,org.apache.commons.csv.CSVPrinterTest#testExcelPrinter1
237,org.apache.commons.csv.CSVParserTest#testIteratorSequenceBreaking
238,org.apache.commons.csv.CSVParserTest#testHeader
239,org.apache.commons.csv.CSVFormatTest#testWithCommentStartCRThrowsException
240,org.apache.commons.csv.CSVPrinterTest#testPrinter2
241,org.apache.commons.csv.issues.JiraCsv164Test#testJiraCsv154_withCommentMarker
242,org.apache.commons.csv.CSVFormatTest#testEqualsHeader
243,org.apache.commons.csv.CSVFormatTest#testEqualsQuotePolicy
244,org.apache.commons.csv.CSVParserTest#testGetRecordPositionWithLF
245,org.apache.commons.csv.CSVFormatTest#testEqualsIgnoreSurroundingSpaces
246,org.apache.commons.csv.CSVPrinterTest#testPrinter6
247,org.apache.commons.csv.issues.JiraCsv203Test#testQuoteModeAllNonNull
248,org.apache.commons.csv.CSVPrinterTest#testMultiLineComment
249,org.apache.commons.csv.CSVParserTest#testEmptyLineBehaviourExcel
250,org.apache.commons.csv.CSVParserTest#testIgnoreCaseHeaderMapping
251,org.apache.commons.csv.CSVPrinterTest#testEscapeNull3
252,org.apache.commons.csv.CSVParserTest#testHeaderMissingWithNull
253,org.apache.commons.csv.CSVPrinterTest#testPrintRecordsWithObjectArray
254,org.apache.commons.csv.CSVParserTest#testGetRecordPositionWithCRLF
255,org.apache.commons.csv.CSVPrinterTest#testPostgreSQLNullStringDefaultText
256,org.apache.commons.csv.LexerTest#testNextToken6
257,org.apache.commons.csv.LexerTest#testNextToken4
258,org.apache.commons.csv.CSVPrinterTest#testDelimeterQuoted
259,org.apache.commons.csv.CSVPrinterTest#testEOLPlain
260,org.apache.commons.csv.CSVParserTest#testProvidedHeader
261,org.apache.commons.csv.CSVPrinterTest#testExcelPrintAllIterableOfArrays
262,org.apache.commons.csv.CSVPrinterTest#testPrintRecordsWithResultSetOneRow
263,org.apache.commons.csv.CSVPrinterTest#testEscapeBackslash1
264,org.apache.commons.csv.CSVParserTest#testHeaderMissing
265,org.apache.commons.csv.CSVPrinterTest#testHeader
266,org.apache.commons.csv.CSVFormatTest#testWithQuoteLFThrowsException
267,org.apache.commons.csv.CSVParserTest#testCSV57
268,org.apache.commons.csv.ExtendedBufferedReaderTest#testReadLine
269,org.apache.commons.csv.LexerTest#testCommentsAndEmptyLines
270,org.apache.commons.csv.issues.JiraCsv203Test#testWithoutNullString
271,org.apache.commons.csv.CSVPrinterTest#testDelimiterPlain
272,org.apache.commons.csv.CSVParserTest#testExcelHeaderCountLessThanData
273,org.apache.commons.csv.CSVRecordTest#testGetUnmappedEnum
274,org.apache.commons.csv.CSVParserTest#testBackslashEscaping
275,org.apache.commons.csv.CSVFormatTest#testDuplicateHeaderElements
276,org.apache.commons.csv.CSVPrinterTest#testDontQuoteEuroFirstChar
277,org.apache.commons.csv.CSVPrinterTest#testJdbcPrinter
278,org.apache.commons.csv.CSVPrinterTest#testPrintRecordsWithEmptyVector
279,org.apache.commons.csv.CSVRecordTest#testGetUnmappedName
280,org.apache.commons.csv.CSVParserTest#testParseFileNullFormat
281,org.apache.commons.csv.LexerTest#testEscapedMySqlNullValue
282,org.apache.commons.csv.issues.JiraCsv164Test#testJiraCsv154_withHeaderComments
283,org.apache.commons.csv.CSVFormatTest#testEqualsLeftNoQuoteRightQuote
284,org.apache.commons.csv.CSVRecordTest#testIterator
