rank,test,score
1,org.jsoup.nodes.FormElementTest#createsFormData,0.333333
2,org.jsoup.nodes.FormElementTest#formsAddedAfterParseAreFormElements,0.111111
3,org.jsoup.nodes.FormElementTest#actionWithNoBaseUri,0.111111
4,org.jsoup.nodes.FormElementTest#actionWithNoValue,0.111111
5,org.jsoup.nodes.FormElementTest#removeFormElement,0.111111
6,org.jsoup.nodes.FormElementTest#controlsAddedAfterParseAreLinkedWithForms,0.111111
7,org.jsoup.nodes.DocumentTest#testLocation,0.083334
8,org.jsoup.nodes.FormElementTest#createsSubmitableConnection,0.000000
9,org.jsoup.nodes.FormElementTest#formDataUsesFirstAttribute,0.000000
10,org.jsoup.nodes.FormElementTest#adoptedFormsRetainInputs,0.000000
11,org.jsoup.nodes.FormElementTest#usesOnForCheckboxValueIfNoValueSet,0.000000
12,org.jsoup.nodes.FormElementTest#hasAssociatedControls,0.000000
13,org.jsoup.integration.ParseTest#testYahooJp,0.000000
14,org.jsoup.integration.ParseTest#testGoogleSearchIpod,0.000000
15,org.jsoup.integration.ParseTest#testBaidu,0.000000
16,org.jsoup.integration.ParseTest#testSmhBizArticle,0.000000
17,org.jsoup.integration.ParseTest#testYahooArticle,0.000000
18,org.jsoup.integration.ParseTest#testNytArticle,0.000000
19,org.jsoup.integration.ParseTest#testLowercaseUtf8Charset,0.000000
20,org.jsoup.integration.ParseTest#testNewsHomepage,0.000000
21,org.jsoup.parser.HtmlParserTest#testNormalisesIsIndex,0.000000
22,org.jsoup.parser.HtmlParserTest#createsFormElements,0.000000
23,org.jsoup.parser.HtmlParserTest#associatedFormControlsWithDisjointForms,0.000000
24,org.jsoup.select.ElementsTest#forms,0.000000
25,org.jsoup.helper.W3CDomTest#convertsGoogleLocation,0.000000
26,org.jsoup.helper.W3CDomTest#convertsGoogle,0.000000
27,org.jsoup.nodes.TextNodeTest#testWithSupplementaryCharacter,0.000000
28,org.jsoup.nodes.TextNodeTest#testLeadNodesHaveNoChildren,0.000000
29,org.jsoup.nodes.TextNodeTest#testBlank,0.000000
30,org.jsoup.nodes.TextNodeTest#testTextBean,0.000000
31,org.jsoup.nodes.TextNodeTest#testSplitText,0.000000
32,org.jsoup.nodes.TextNodeTest#testSplitAnEmbolden,0.000000
33,org.jsoup.nodes.AttributeTest#settersOnOrphanAttribute,0.000000
34,org.jsoup.nodes.AttributeTest#testWithSupplementaryCharacterInAttributeKeyAndValue,0.000000
35,org.jsoup.nodes.AttributeTest#html,0.000000
36,org.jsoup.nodes.AttributeTest#booleanAttributesAreEmptyStringValues,0.000000
37,org.jsoup.nodes.AttributeTest#validatesKeysNotEmpty,0.000000
38,org.jsoup.nodes.AttributeTest#validatesKeysNotEmptyViaSet,0.000000
39,org.jsoup.nodes.ElementTest#testFormatOutline,0.000000
40,org.jsoup.nodes.ElementTest#parentlessToString,0.000000
41,org.jsoup.nodes.ElementTest#insertChildrenArgumentValidation,0.000000
42,org.jsoup.nodes.ElementTest#testPrependElement,0.000000
43,org.jsoup.nodes.ElementTest#testOuterHtml,0.000000
44,org.jsoup.nodes.ElementTest#testHashcodeIsStableWithContentChanges,0.000000
45,org.jsoup.nodes.ElementTest#voidTestFilterCallReturnsElement,0.000000
46,org.jsoup.nodes.ElementTest#elementByTagName,0.000000
47,org.jsoup.nodes.ElementTest#testClonesClassnames,0.000000
48,org.jsoup.nodes.ElementTest#appendMustCorrectlyMoveChildrenInsideOneParentElement,0.000000
49,org.jsoup.nodes.ElementTest#before,0.000000
50,org.jsoup.nodes.ElementTest#testRemoveBeforeIndex,0.000000
51,org.jsoup.nodes.ElementTest#testChainedRemoveAttributes,0.000000
52,org.jsoup.nodes.ElementTest#booleanAttributeOutput,0.000000
53,org.jsoup.nodes.ElementTest#testAddNewHtml,0.000000
54,org.jsoup.nodes.ElementTest#testAddNewText,0.000000
55,org.jsoup.nodes.ElementTest#testPreviousElementSiblings,0.000000
56,org.jsoup.nodes.ElementTest#testGetElementById,0.000000
57,org.jsoup.nodes.ElementTest#testClone,0.000000
58,org.jsoup.nodes.ElementTest#testHtmlContainsOuter,0.000000
59,org.jsoup.nodes.ElementTest#testClassDomMethods,0.000000
60,org.jsoup.nodes.ElementTest#testRoot,0.000000
61,org.jsoup.nodes.ElementTest#testWrap,0.000000
62,org.jsoup.nodes.ElementTest#testNamespacedElements,0.000000
63,org.jsoup.nodes.ElementTest#testClassNames,0.000000
64,org.jsoup.nodes.ElementTest#testElementSiblingIndex,0.000000
65,org.jsoup.nodes.ElementTest#testIs,0.000000
66,org.jsoup.nodes.ElementTest#testEmptyElementFormatHtml,0.000000
67,org.jsoup.nodes.ElementTest#testLoopedRemoveAttributes,0.000000
68,org.jsoup.nodes.ElementTest#testShadowElementsAreUpdated,0.000000
69,org.jsoup.nodes.ElementTest#testKeepsPreTextAtDepth,0.000000
70,org.jsoup.nodes.ElementTest#testGetElementsWithAttribute,0.000000
71,org.jsoup.nodes.ElementTest#testNoIndentOnScriptAndStyle,0.000000
72,org.jsoup.nodes.ElementTest#testAppendRowToTable,0.000000
73,org.jsoup.nodes.ElementTest#testGetElementsWithClass,0.000000
74,org.jsoup.nodes.ElementTest#testShallowClone,0.000000
75,org.jsoup.nodes.ElementTest#testWrapWithRemainder,0.000000
76,org.jsoup.nodes.ElementTest#testClearAttributes,0.000000
77,org.jsoup.nodes.ElementTest#testKeepsPreTextInCode,0.000000
78,org.jsoup.nodes.ElementTest#testHasClassDomMethods,0.000000
79,org.jsoup.nodes.ElementTest#testGetParents,0.000000
80,org.jsoup.nodes.ElementTest#testGetText,0.000000
81,org.jsoup.nodes.ElementTest#getElementsByTagName,0.000000
82,org.jsoup.nodes.ElementTest#testFormatHtml,0.000000
83,org.jsoup.nodes.ElementTest#testGetElementsWithAttributeValue,0.000000
84,org.jsoup.nodes.ElementTest#testWholeText,0.000000
85,org.jsoup.nodes.ElementTest#testGetElementsWithAttributeDash,0.000000
86,org.jsoup.nodes.ElementTest#testManipulateTextNodes,0.000000
87,org.jsoup.nodes.ElementTest#testChildThrowsIndexOutOfBoundsOnMissing,0.000000
88,org.jsoup.nodes.ElementTest#testPrependRowToTable,0.000000
89,org.jsoup.nodes.ElementTest#testGetTextNodes,0.000000
90,org.jsoup.nodes.ElementTest#after,0.000000
91,org.jsoup.nodes.ElementTest#testContainerOutput,0.000000
92,org.jsoup.nodes.ElementTest#testInnerHtml,0.000000
93,org.jsoup.nodes.ElementTest#testHasText,0.000000
94,org.jsoup.nodes.ElementTest#testRemoveAttr,0.000000
95,org.jsoup.nodes.ElementTest#textHasSpaceBetweenDivAndCenterTags,0.000000
96,org.jsoup.nodes.ElementTest#testGetDataNodes,0.000000
97,org.jsoup.nodes.ElementTest#testCssPath,0.000000
98,org.jsoup.nodes.ElementTest#testSetHtmlTitle,0.000000
99,org.jsoup.nodes.ElementTest#testChildrenElements,0.000000
100,org.jsoup.nodes.ElementTest#moveByAppend,0.000000
101,org.jsoup.nodes.ElementTest#testNormalisesText,0.000000
102,org.jsoup.nodes.ElementTest#testClassUpdates,0.000000
103,org.jsoup.nodes.ElementTest#testAddNewElement,0.000000
104,org.jsoup.nodes.ElementTest#testHashAndEqualsAndValue,0.000000
105,org.jsoup.nodes.ElementTest#testElementSiblingIndexSameContent,0.000000
106,org.jsoup.nodes.ElementTest#testGetChildText,0.000000
107,org.jsoup.nodes.ElementTest#testRelativeUrls,0.000000
108,org.jsoup.nodes.ElementTest#testSetIndent,0.000000
109,org.jsoup.nodes.ElementTest#testThrowsOnAddNullText,0.000000
110,org.jsoup.nodes.ElementTest#testGetSiblingsWithDuplicateContent,0.000000
111,org.jsoup.nodes.ElementTest#testNormalizesInvisiblesInText,0.000000
112,org.jsoup.nodes.ElementTest#insertChildrenAsCopy,0.000000
113,org.jsoup.nodes.ElementTest#testTagNameSet,0.000000
114,org.jsoup.nodes.ElementTest#dataset,0.000000
115,org.jsoup.nodes.ElementTest#testPrependText,0.000000
116,org.jsoup.nodes.ElementTest#testNormalizesNbspInText,0.000000
117,org.jsoup.nodes.ElementTest#testRemoveAfterIndex,0.000000
118,org.jsoup.nodes.ElementTest#testThrowsOnPrependNullText,0.000000
119,org.jsoup.nodes.ElementTest#testGetSiblings,0.000000
120,org.jsoup.nodes.ElementTest#testSetHtml,0.000000
121,org.jsoup.nodes.ElementTest#testSetText,0.000000
122,org.jsoup.nodes.ElementTest#testNextElementSiblings,0.000000
123,org.jsoup.nodes.ElementTest#testAddBooleanAttribute,0.000000
124,org.jsoup.nodes.ElementTest#textHasSpaceAfterBlockTags,0.000000
125,org.jsoup.nodes.ElementTest#whiteSpaceClassElement,0.000000
126,org.jsoup.nodes.ElementTest#classNamesAndAttributeNameIsCaseInsensitive,0.000000
127,org.jsoup.nodes.ElementTest#testPrependNewHtml,0.000000
128,org.jsoup.nodes.ElementTest#testRemovingEmptyClassAttributeWhenLastClassRemoved,0.000000
129,org.jsoup.nodes.ElementTest#testBrHasSpace,0.000000
130,org.jsoup.nodes.ElementTest#testKeepsPreText,0.000000
131,org.jsoup.nodes.ElementTest#testNotPretty,0.000000
132,org.jsoup.nodes.ElementTest#testNextElementSiblingAfterClone,0.000000
133,org.jsoup.nodes.ElementTest#testAppendTo,0.000000
134,org.jsoup.nodes.ElementTest#getNamespacedElementsByTag,0.000000
135,org.jsoup.nodes.ElementTest#testTraverse,0.000000
136,org.jsoup.nodes.ElementTest#insertChildrenAtPosition,0.000000
137,org.jsoup.nodes.ElementTest#elementIsNotASiblingOfItself,0.000000
138,org.jsoup.nodes.AttributesTest#testIteratorRemovable,0.000000
139,org.jsoup.nodes.AttributesTest#testIteratorHasNext,0.000000
140,org.jsoup.nodes.AttributesTest#removeCaseSensitive,0.000000
141,org.jsoup.nodes.AttributesTest#html,0.000000
142,org.jsoup.nodes.AttributesTest#testSetKeyConsistency,0.000000
143,org.jsoup.nodes.AttributesTest#testIteratorEmpty,0.000000
144,org.jsoup.nodes.AttributesTest#testIterator,0.000000
145,org.jsoup.nodes.AttributesTest#testIteratorUpdateable,0.000000
146,org.jsoup.nodes.DocumentTest#testOutputEncoding,0.000000
147,org.jsoup.nodes.DocumentTest#testMetaCharsetUpdateDisabledNoChanges,0.000000
148,org.jsoup.nodes.DocumentTest#testHtmlAppendable,0.000000
149,org.jsoup.nodes.DocumentTest#testClonesDeclarations,0.000000
150,org.jsoup.nodes.DocumentTest#testClone,0.000000
151,org.jsoup.nodes.DocumentTest#testShiftJisRoundtrip,0.000000
152,org.jsoup.nodes.DocumentTest#testNormalisesStructure,0.000000
153,org.jsoup.nodes.DocumentTest#testXhtmlReferences,0.000000
154,org.jsoup.nodes.DocumentTest#testMetaCharsetUpdateXmlNoCharset,0.000000
155,org.jsoup.nodes.DocumentTest#testMetaCharsetUpdateUtf8,0.000000
156,org.jsoup.nodes.DocumentTest#testMetaCharsetUpdateEnabledAfterCharsetChange,0.000000
157,org.jsoup.nodes.DocumentTest#testMetaCharsetUpdateDisabled,0.000000
158,org.jsoup.nodes.DocumentTest#testMetaCharsetUpdateXmlDisabled,0.000000
159,org.jsoup.nodes.DocumentTest#testMetaCharsetUpdateCleanup,0.000000
160,org.jsoup.nodes.DocumentTest#DocumentsWithSameContentAreEqual,0.000000
161,org.jsoup.nodes.DocumentTest#testMetaCharsetUpdatedDisabledPerDefault,0.000000
162,org.jsoup.nodes.DocumentTest#testMetaCharsetUpdateXmlIso8859,0.000000
163,org.jsoup.nodes.DocumentTest#parseAndHtmlOnDifferentThreads,0.000000
164,org.jsoup.nodes.DocumentTest#testMetaCharsetUpdateNoCharset,0.000000
165,org.jsoup.nodes.DocumentTest#DocumentsWithSameContentAreVerifialbe,0.000000
166,org.jsoup.nodes.DocumentTest#setTextPreservesDocumentStructure,0.000000
167,org.jsoup.nodes.DocumentTest#htmlParseDefaultsToHtmlOutputSyntax,0.000000
168,org.jsoup.nodes.DocumentTest#testMetaCharsetUpdateIso8859,0.000000
169,org.jsoup.nodes.DocumentTest#testMetaCharsetUpdateXmlUtf8,0.000000
170,org.jsoup.nodes.DocumentTest#testHtmlAndXmlSyntax,0.000000
171,org.jsoup.nodes.DocumentTest#testTitles,0.000000
172,org.jsoup.nodes.DocumentTest#testMetaCharsetUpdateXmlDisabledNoChanges,0.000000
173,org.jsoup.nodes.EntitiesTest#strictUnescape,0.000000
174,org.jsoup.nodes.EntitiesTest#escapeSupplementaryCharacter,0.000000
175,org.jsoup.nodes.EntitiesTest#escapesGtInXmlAttributesButNotInHtml,0.000000
176,org.jsoup.nodes.EntitiesTest#escape,0.000000
177,org.jsoup.nodes.EntitiesTest#unescape,0.000000
178,org.jsoup.nodes.EntitiesTest#caseSensitive,0.000000
179,org.jsoup.nodes.EntitiesTest#noSpuriousDecodes,0.000000
180,org.jsoup.nodes.EntitiesTest#notMissingMultis,0.000000
181,org.jsoup.nodes.EntitiesTest#xhtml,0.000000
182,org.jsoup.nodes.EntitiesTest#getByName,0.000000
183,org.jsoup.nodes.EntitiesTest#notMissingSupplementals,0.000000
184,org.jsoup.nodes.EntitiesTest#quoteReplacements,0.000000
185,org.jsoup.nodes.EntitiesTest#escapedSupplementary,0.000000
186,org.jsoup.nodes.EntitiesTest#letterDigitEntities,0.000000
187,org.jsoup.nodes.EntitiesTest#unescapeMultiChars,0.000000
188,org.jsoup.nodes.DocumentTypeTest#outerHtmlGeneration,0.000000
189,org.jsoup.nodes.DocumentTypeTest#constructorValidationOkWithBlankName,0.000000
190,org.jsoup.nodes.DocumentTypeTest#constructorValidationOkWithBlankPublicAndSystemIds,0.000000
191,org.jsoup.nodes.DocumentTypeTest#testRoundTrip,0.000000
192,org.jsoup.nodes.DocumentTypeTest#constructorValidationThrowsExceptionOnNulls,0.000000
193,org.jsoup.nodes.NodeTest#handlesAbsOnProtocolessAbsoluteUris,0.000000
194,org.jsoup.nodes.NodeTest#setBaseUriIsRecursive,0.000000
195,org.jsoup.nodes.NodeTest#ownerDocument,0.000000
196,org.jsoup.nodes.NodeTest#before,0.000000
197,org.jsoup.nodes.NodeTest#handleAbsOnLocalhostFileUris,0.000000
198,org.jsoup.nodes.NodeTest#unwrap,0.000000
199,org.jsoup.nodes.NodeTest#absHandlesDotFromIndex,0.000000
200,org.jsoup.nodes.NodeTest#supportsClone,0.000000
201,org.jsoup.nodes.NodeTest#root,0.000000
202,org.jsoup.nodes.NodeTest#after,0.000000
203,org.jsoup.nodes.NodeTest#absHandlesRelativeQuery,0.000000
204,org.jsoup.nodes.NodeTest#unwrapNoChildren,0.000000
205,org.jsoup.nodes.NodeTest#literalAbsPrefix,0.000000
206,org.jsoup.nodes.NodeTest#handlesBaseUri,0.000000
207,org.jsoup.nodes.NodeTest#handlesAbsOnImage,0.000000
208,org.jsoup.nodes.NodeTest#nodeIsNotASiblingOfItself,0.000000
209,org.jsoup.nodes.NodeTest#handleAbsOnFileUris,0.000000
210,org.jsoup.nodes.NodeTest#testReplace,0.000000
211,org.jsoup.nodes.NodeTest#handlesAbsPrefixOnHasAttr,0.000000
212,org.jsoup.nodes.NodeTest#childNodesCopy,0.000000
213,org.jsoup.nodes.NodeTest#changingAttributeValueShouldReplaceExistingAttributeCaseInsensitive,0.000000
214,org.jsoup.nodes.NodeTest#traverse,0.000000
215,org.jsoup.nodes.NodeTest#orphanNodeReturnsNullForSiblingElements,0.000000
216,org.jsoup.nodes.NodeTest#handlesAbsPrefix,0.000000
217,org.jsoup.nodes.NodeTest#testRemove,0.000000
218,org.jsoup.integration.ConnectTest#multipleParsesOkAfterBufferUp,0.000000
219,org.jsoup.integration.ConnectTest#fetchURIWithWhitespace,0.000000
220,org.jsoup.integration.ConnectTest#bodyAndBytesAvailableBeforeParse,0.000000
221,org.jsoup.integration.ConnectTest#testBinaryThrowsExceptionWhenTypeIgnored,0.000000
222,org.jsoup.integration.ConnectTest#parseParseThrowsValidates,0.000000
223,org.jsoup.integration.ConnectTest#canFetchBinaryAsBytes,0.000000
224,org.jsoup.integration.ConnectTest#handlesEmptyStreamDuringParseRead,0.000000
225,org.jsoup.integration.ConnectTest#throwsExceptionOn404,0.000000
226,org.jsoup.integration.ConnectTest#doesPostMultipartWithoutInputstream,0.000000
227,org.jsoup.integration.ConnectTest#sendsRequestBodyWithUrlParams,0.000000
228,org.jsoup.integration.ConnectTest#fetchURl,0.000000
229,org.jsoup.integration.ConnectTest#testBinaryContentTypeThrowsException,0.000000
230,org.jsoup.integration.ConnectTest#sendsRequestBody,0.000000
231,org.jsoup.integration.ConnectTest#bodyAfterParseThrowsValidationError,0.000000
232,org.jsoup.integration.ConnectTest#handlesEmtpyStreamDuringBufferedRead,0.000000
233,org.jsoup.integration.ConnectTest#handlesRedirect,0.000000
234,org.jsoup.integration.ConnectTest#doesPost,0.000000
235,org.jsoup.integration.ConnectTest#getUtf8Bom,0.000000
236,org.jsoup.integration.ConnectTest#supportsDeflate,0.000000
237,org.jsoup.integration.ConnectTest#sendsRequestBodyJsonWithoutData,0.000000
238,org.jsoup.integration.ConnectTest#sendsRequestBodyJsonWithData,0.000000
239,org.jsoup.integration.ConnectTest#testBinaryResultThrows,0.000000
240,org.jsoup.integration.ConnectTest#doesPostFor307,0.000000
241,org.jsoup.integration.ConnectTest#handlesEmptyRedirect,0.000000
242,org.jsoup.integration.ConnectTest#canConnectToLocalServer,0.000000
243,org.jsoup.integration.ConnectTest#ignoresExceptionIfSoConfigured,0.000000
244,org.jsoup.integration.ConnectTest#doesGet,0.000000
245,org.jsoup.integration.ConnectTest#doesPut,0.000000
246,org.jsoup.integration.ConnectTest#exceptOnUnsupportedProtocol,0.000000
247,org.jsoup.integration.ConnectTest#doesNotPostFor302,0.000000
248,org.jsoup.integration.ConnectTest#postFiles,0.000000
249,org.jsoup.integration.ParseTest#testBaiduVariant,0.000000
250,org.jsoup.integration.ParseTest#testBinaryThrowsException,0.000000
251,org.jsoup.integration.ParseTest#testBrokenHtml5CharsetWithASingleDoubleQuote,0.000000
252,org.jsoup.integration.ParseTest#testHtml5Charset,0.000000
253,org.jsoup.integration.ConnectIT#canInterruptBodyStringRead,0.000000
254,org.jsoup.integration.ConnectIT#totalTimeout,0.000000
255,org.jsoup.integration.ConnectIT#infiniteReadSupported,0.000000
256,org.jsoup.integration.ConnectIT#canInterruptDocumentRead,0.000000
257,org.jsoup.integration.ConnectIT#slowReadOk,0.000000
258,org.jsoup.internal.StringUtilTest#isWhitespace,0.000000
259,org.jsoup.internal.StringUtilTest#padding,0.000000
260,org.jsoup.internal.StringUtilTest#join,0.000000
261,org.jsoup.internal.StringUtilTest#normaliseWhiteSpaceHandlesHighSurrogates,0.000000
262,org.jsoup.internal.StringUtilTest#isNumeric,0.000000
263,org.jsoup.internal.StringUtilTest#resolvesRelativeUrls,0.000000
264,org.jsoup.internal.StringUtilTest#normaliseWhiteSpace,0.000000
265,org.jsoup.internal.StringUtilTest#isBlank,0.000000
266,org.jsoup.parser.XmlTreeBuilderTest#testPopToClose,0.000000
267,org.jsoup.parser.XmlTreeBuilderTest#handlesXmlDeclarationAsDeclaration,0.000000
268,org.jsoup.parser.XmlTreeBuilderTest#dropsDuplicateAttributes,0.000000
269,org.jsoup.parser.XmlTreeBuilderTest#caseSensitiveDeclaration,0.000000
270,org.jsoup.parser.XmlTreeBuilderTest#handlesDodgyXmlDecl,0.000000
271,org.jsoup.parser.XmlTreeBuilderTest#handlesLTinScript,0.000000
272,org.jsoup.parser.XmlTreeBuilderTest#testSupplyParserToJsoupClass,0.000000
273,org.jsoup.parser.XmlTreeBuilderTest#normalizesDiscordantTags,0.000000
274,org.jsoup.parser.XmlTreeBuilderTest#testDoesNotForceSelfClosingKnownTags,0.000000
275,org.jsoup.parser.XmlTreeBuilderTest#testCommentAndDocType,0.000000
276,org.jsoup.parser.XmlTreeBuilderTest#testSimpleXmlParse,0.000000
277,org.jsoup.parser.XmlTreeBuilderTest#xmlFragment,0.000000
278,org.jsoup.parser.XmlTreeBuilderTest#appendPreservesCaseByDefault,0.000000
279,org.jsoup.parser.XmlTreeBuilderTest#testDetectCharsetEncodingDeclaration,0.000000
280,org.jsoup.parser.XmlTreeBuilderTest#roundTripsCdata,0.000000
281,org.jsoup.parser.XmlTreeBuilderTest#canNormalizeCase,0.000000
282,org.jsoup.parser.XmlTreeBuilderTest#cdataPreservesWhiteSpace,0.000000
283,org.jsoup.parser.XmlTreeBuilderTest#preservesCaseByDefault,0.000000
284,org.jsoup.parser.XmlTreeBuilderTest#testParseDeclarationAttributes,0.000000
285,org.jsoup.parser.XmlTreeBuilderTest#testSupplyParserToDataStream,0.000000
286,org.jsoup.parser.XmlTreeBuilderTest#xmlParseDefaultsToHtmlOutputSyntax,0.000000
287,org.jsoup.parser.XmlTreeBuilderTest#testCreatesValidProlog,0.000000
288,org.jsoup.parser.XmlTreeBuilderTest#testDoesHandleEOFInTag,0.000000
289,org.jsoup.parser.TokeniserTest#handleLargeComment,0.000000
290,org.jsoup.parser.TokeniserTest#handleLargeCdata,0.000000
291,org.jsoup.parser.TokeniserTest#handleLargeTitle,0.000000
292,org.jsoup.parser.TokeniserTest#bufferUpInAttributeVal,0.000000
293,org.jsoup.parser.TokeniserTest#cp1252EntitiesProduceError,0.000000
294,org.jsoup.parser.TokeniserTest#handleSuperLargeTagNames,0.000000
295,org.jsoup.parser.TokeniserTest#handleSuperLargeAttributeName,0.000000
296,org.jsoup.parser.TokeniserTest#cp1252Entities,0.000000
297,org.jsoup.parser.TokeniserTest#handleLargeText,0.000000
298,org.jsoup.parser.ParserSettingsTest#attributesCaseNormalization,0.000000
299,org.jsoup.parser.ParserSettingsTest#caseSupport,0.000000
300,org.jsoup.parser.ParserSettingsTest#attributeCaseNormalization,0.000000
301,org.jsoup.parser.TokenQueueTest#addFirst,0.000000
302,org.jsoup.parser.TokenQueueTest#unescape,0.000000
303,org.jsoup.parser.TokenQueueTest#chompToIgnoreCase,0.000000
304,org.jsoup.parser.TokenQueueTest#chompEscapedBalanced,0.000000
305,org.jsoup.parser.TokenQueueTest#consumeToIgnoreSecondCallTest,0.000000
306,org.jsoup.parser.TokenQueueTest#chompBalancedThrowIllegalArgumentException,0.000000
307,org.jsoup.parser.TokenQueueTest#chompBalanced,0.000000
308,org.jsoup.parser.TokenQueueTest#testNestedQuotes,0.000000
309,org.jsoup.parser.TokenQueueTest#chompBalancedMatchesAsMuchAsPossible,0.000000
310,org.jsoup.parser.CharacterReaderTest#nextIndexOfUnmatched,0.000000
311,org.jsoup.parser.CharacterReaderTest#unconsume,0.000000
312,org.jsoup.parser.CharacterReaderTest#bufferUp,0.000000
313,org.jsoup.parser.CharacterReaderTest#nextIndexOfChar,0.000000
314,org.jsoup.parser.CharacterReaderTest#notEmptyAtBufferSplitPoint,0.000000
315,org.jsoup.parser.CharacterReaderTest#rangeEquals,0.000000
316,org.jsoup.parser.CharacterReaderTest#consumeToChar,0.000000
317,org.jsoup.parser.CharacterReaderTest#advance,0.000000
318,org.jsoup.parser.CharacterReaderTest#consumeToString,0.000000
319,org.jsoup.parser.CharacterReaderTest#consumeToAny,0.000000
320,org.jsoup.parser.CharacterReaderTest#consumeToEnd,0.000000
321,org.jsoup.parser.CharacterReaderTest#consumeToNonexistentEndWhenAtAnd,0.000000
322,org.jsoup.parser.CharacterReaderTest#containsIgnoreCase,0.000000
323,org.jsoup.parser.CharacterReaderTest#mark,0.000000
324,org.jsoup.parser.CharacterReaderTest#empty,0.000000
325,org.jsoup.parser.CharacterReaderTest#cachesStrings,0.000000
326,org.jsoup.parser.CharacterReaderTest#consumeLetterThenDigitSequence,0.000000
327,org.jsoup.parser.CharacterReaderTest#consumeLetterSequence,0.000000
328,org.jsoup.parser.CharacterReaderTest#nextIndexOfString,0.000000
329,org.jsoup.parser.CharacterReaderTest#matches,0.000000
330,org.jsoup.parser.CharacterReaderTest#consume,0.000000
331,org.jsoup.parser.CharacterReaderTest#matchesIgnoreCase,0.000000
332,org.jsoup.parser.CharacterReaderTest#matchesAny,0.000000
333,org.jsoup.parser.TagTest#divSemantics,0.000000
334,org.jsoup.parser.TagTest#trims,0.000000
335,org.jsoup.parser.TagTest#imgSemantics,0.000000
336,org.jsoup.parser.TagTest#valueOfChecksNotEmpty,0.000000
337,org.jsoup.parser.TagTest#pSemantics,0.000000
338,org.jsoup.parser.TagTest#equality,0.000000
339,org.jsoup.parser.TagTest#defaultSemantics,0.000000
340,org.jsoup.parser.TagTest#canBeInsensitive,0.000000
341,org.jsoup.parser.TagTest#valueOfChecksNotNull,0.000000
342,org.jsoup.parser.TagTest#isCaseSensitive,0.000000
343,org.jsoup.parser.AttributeParseTest#dropsSlashFromAttributeName,0.000000
344,org.jsoup.parser.AttributeParseTest#moreAttributeUnescapes,0.000000
345,org.jsoup.parser.AttributeParseTest#parsesBooleanAttributes,0.000000
346,org.jsoup.parser.AttributeParseTest#handlesNewLinesAndReturns,0.000000
347,org.jsoup.parser.AttributeParseTest#canStartWithEq,0.000000
348,org.jsoup.parser.AttributeParseTest#parsesRoughAttributeString,0.000000
349,org.jsoup.parser.AttributeParseTest#strictAttributeUnescapes,0.000000
350,org.jsoup.parser.AttributeParseTest#parsesEmptyString,0.000000
351,org.jsoup.parser.TokeniserStateTest#testEndTagOpen,0.000000
352,org.jsoup.parser.TokeniserStateTest#testPublicIdentifiersWithWhitespace,0.000000
353,org.jsoup.parser.TokeniserStateTest#handlesLessInTagThanAsNewTag,0.000000
354,org.jsoup.parser.TokeniserStateTest#testRCDATAEndTagName,0.000000
355,org.jsoup.parser.TokeniserStateTest#testCharacterReferenceInRcdata,0.000000
356,org.jsoup.parser.TokeniserStateTest#testRcdataLessthanSign,0.000000
357,org.jsoup.parser.TokeniserStateTest#ensureSearchArraysAreSorted,0.000000
358,org.jsoup.parser.TokeniserStateTest#testCommentEndCoverage,0.000000
359,org.jsoup.parser.TokeniserStateTest#testBeforeTagName,0.000000
360,org.jsoup.parser.TokeniserStateTest#testPublicAndSystemIdentifiersWithWhitespace,0.000000
361,org.jsoup.parser.TokeniserStateTest#testSystemIdentifiersWithWhitespace,0.000000
362,org.jsoup.parser.TokeniserStateTest#testCommentEndBangCoverage,0.000000
363,org.jsoup.parser.ParserTest#unescapeEntitiesHandlesLargeInput,0.000000
364,org.jsoup.parser.ParserTest#unescapeEntities,0.000000
365,org.jsoup.parser.HtmlParserTest#preservedCaseLinksCantNest,0.000000
366,org.jsoup.parser.HtmlParserTest#normalisesHeadlessBody,0.000000
367,org.jsoup.parser.HtmlParserTest#parsesUnterminatedOption,0.000000
368,org.jsoup.parser.HtmlParserTest#handlesProtocolRelativeUrl,0.000000
369,org.jsoup.parser.HtmlParserTest#dropsUnterminatedTag,0.000000
370,org.jsoup.parser.HtmlParserTest#canPreserveAttributeCase,0.000000
371,org.jsoup.parser.HtmlParserTest#handlesNullInComments,0.000000
372,org.jsoup.parser.HtmlParserTest#handlesTextAfterData,0.000000
373,org.jsoup.parser.HtmlParserTest#dropsUnterminatedAttribute,0.000000
374,org.jsoup.parser.HtmlParserTest#noTableDirectInTable,0.000000
375,org.jsoup.parser.HtmlParserTest#testSupportsPartiallyNonAsciiTags,0.000000
376,org.jsoup.parser.HtmlParserTest#testSpaceAfterTag,0.000000
377,org.jsoup.parser.HtmlParserTest#handlesXmlDeclarationAsBogusComment,0.000000
378,org.jsoup.parser.HtmlParserTest#normalisesDocument,0.000000
379,org.jsoup.parser.HtmlParserTest#createsStructureFromBodySnippet,0.000000
380,org.jsoup.parser.HtmlParserTest#retainsAttributesOfDifferentCaseIfSensitive,0.000000
381,org.jsoup.parser.HtmlParserTest#canPreserveTagCase,0.000000
382,org.jsoup.parser.HtmlParserTest#preservesSpaceInScript,0.000000
383,org.jsoup.parser.HtmlParserTest#handlesXmlDeclAndCommentsBeforeDoctype,0.000000
384,org.jsoup.parser.HtmlParserTest#testHtmlLowerCase,0.000000
385,org.jsoup.parser.HtmlParserTest#handlesDeepStack,0.000000
386,org.jsoup.parser.HtmlParserTest#parsesSimpleDocument,0.000000
387,org.jsoup.parser.HtmlParserTest#doesNotCreateImplicitLists,0.000000
388,org.jsoup.parser.HtmlParserTest#parsesUnterminatedTextarea,0.000000
389,org.jsoup.parser.HtmlParserTest#testSupportsNonAsciiTags,0.000000
390,org.jsoup.parser.HtmlParserTest#dropsDuplicateAttributes,0.000000
391,org.jsoup.parser.HtmlParserTest#handlesWhatWgExpensesTableExample,0.000000
392,org.jsoup.parser.HtmlParserTest#handlesImplicitCaptionClose,0.000000
393,org.jsoup.parser.HtmlParserTest#handlesQuotesInCommentsInScripts,0.000000
394,org.jsoup.parser.HtmlParserTest#handlesInputInTable,0.000000
395,org.jsoup.parser.HtmlParserTest#handlesInvalidStartTags,0.000000
396,org.jsoup.parser.HtmlParserTest#handlesEscapedData,0.000000
397,org.jsoup.parser.HtmlParserTest#fallbackToUtfIfCantEncode,0.000000
398,org.jsoup.parser.HtmlParserTest#reconstructFormattingElements,0.000000
399,org.jsoup.parser.HtmlParserTest#createsDocumentStructure,0.000000
400,org.jsoup.parser.HtmlParserTest#handlesCdataInScript,0.000000
401,org.jsoup.parser.HtmlParserTest#handlesUnclosedTitle,0.000000
402,org.jsoup.parser.HtmlParserTest#caseInsensitiveParseTree,0.000000
403,org.jsoup.parser.HtmlParserTest#handleNullContextInParseFragment,0.000000
404,org.jsoup.parser.HtmlParserTest#parsesUnterminatedComments,0.000000
405,org.jsoup.parser.HtmlParserTest#emptyTdTag,0.000000
406,org.jsoup.parser.HtmlParserTest#caseSensitiveParseTree,0.000000
407,org.jsoup.parser.HtmlParserTest#testFragment,0.000000
408,org.jsoup.parser.HtmlParserTest#handlesUnclosedScriptAtEof,0.000000
409,org.jsoup.parser.HtmlParserTest#handlesNewlinesAndWhitespaceInTag,0.000000
410,org.jsoup.parser.HtmlParserTest#handlesDataOnlyTags,0.000000
411,org.jsoup.parser.HtmlParserTest#normalizesDiscordantTags,0.000000
412,org.jsoup.parser.HtmlParserTest#handlesCdataAcrossBuffer,0.000000
413,org.jsoup.parser.HtmlParserTest#noImplicitFormForTextAreas,0.000000
414,org.jsoup.parser.HtmlParserTest#commentBeforeHtml,0.000000
415,org.jsoup.parser.HtmlParserTest#handlesUnclosedCdataAtEOF,0.000000
416,org.jsoup.parser.HtmlParserTest#handlesCdata,0.000000
417,org.jsoup.parser.HtmlParserTest#handlesKnownEmptyBlocks,0.000000
418,org.jsoup.parser.HtmlParserTest#noErrorsByDefault,0.000000
419,org.jsoup.parser.HtmlParserTest#testHeaderContents,0.000000
420,org.jsoup.parser.HtmlParserTest#testRelaxedTags,0.000000
421,org.jsoup.parser.HtmlParserTest#handlesKnownEmptyStyle,0.000000
422,org.jsoup.parser.HtmlParserTest#handlesKnownEmptyTitle,0.000000
423,org.jsoup.parser.HtmlParserTest#preservesSpaceInTextArea,0.000000
424,org.jsoup.parser.HtmlParserTest#handlesUnexpectedMarkupInTables,0.000000
425,org.jsoup.parser.HtmlParserTest#handlesKnownEmptyIframe,0.000000
426,org.jsoup.parser.HtmlParserTest#characterReaderBuffer,0.000000
427,org.jsoup.parser.HtmlParserTest#testTemplateInsideTable,0.000000
428,org.jsoup.parser.HtmlParserTest#cdataNodesAreTextNodes,0.000000
429,org.jsoup.parser.HtmlParserTest#ignoresContentAfterFrameset,0.000000
430,org.jsoup.parser.HtmlParserTest#handlesBaseTags,0.000000
431,org.jsoup.parser.HtmlParserTest#testSpanContents,0.000000
432,org.jsoup.parser.HtmlParserTest#handles0CharacterAsText,0.000000
433,org.jsoup.parser.HtmlParserTest#handlesFrames,0.000000
434,org.jsoup.parser.HtmlParserTest#handlesJavadocFont,0.000000
435,org.jsoup.parser.HtmlParserTest#testReinsertionModeForThCelss,0.000000
436,org.jsoup.parser.HtmlParserTest#handlesControlCodeInAttributeName,0.000000
437,org.jsoup.parser.HtmlParserTest#handlesInvalidDoctypes,0.000000
438,org.jsoup.parser.HtmlParserTest#handlesTagsInTextarea,0.000000
439,org.jsoup.parser.HtmlParserTest#handlesCommentsInTable,0.000000
440,org.jsoup.parser.HtmlParserTest#handlesEscapedScript,0.000000
441,org.jsoup.parser.HtmlParserTest#testInvalidTableContents,0.000000
442,org.jsoup.parser.HtmlParserTest#handlesUnknownTags,0.000000
443,org.jsoup.parser.HtmlParserTest#ignoresDupeEndTrTag,0.000000
444,org.jsoup.parser.HtmlParserTest#handlesTbodyTable,0.000000
445,org.jsoup.parser.HtmlParserTest#normalisedBodyAfterContent,0.000000
446,org.jsoup.parser.HtmlParserTest#handlesSpanInTbody,0.000000
447,org.jsoup.parser.HtmlParserTest#handlesUnclosedTitleAtEof,0.000000
448,org.jsoup.parser.HtmlParserTest#handlesSolidusAtAttributeEnd,0.000000
449,org.jsoup.parser.HtmlParserTest#handlesUnknownNamespaceTags,0.000000
450,org.jsoup.parser.HtmlParserTest#handlesKnownEmptyNoFrames,0.000000
451,org.jsoup.parser.HtmlParserTest#roundTripsCdata,0.000000
452,org.jsoup.parser.HtmlParserTest#handlesManyChildren,0.000000
453,org.jsoup.parser.HtmlParserTest#handlesTextArea,0.000000
454,org.jsoup.parser.HtmlParserTest#convertsImageToImg,0.000000
455,org.jsoup.parser.HtmlParserTest#preSkipsFirstNewline,0.000000
456,org.jsoup.parser.HtmlParserTest#commentAtEnd,0.000000
457,org.jsoup.parser.HtmlParserTest#selfClosingOnNonvoidIsError,0.000000
458,org.jsoup.parser.HtmlParserTest#handlesNestedImplicitTable,0.000000
459,org.jsoup.parser.HtmlParserTest#parsesRoughAttributes,0.000000
460,org.jsoup.parser.HtmlParserTest#testUsingSingleQuotesInQueries,0.000000
461,org.jsoup.parser.HtmlParserTest#handlesUnclosedDefinitionLists,0.000000
462,org.jsoup.parser.HtmlParserTest#handlesWhitespaceInoDocType,0.000000
463,org.jsoup.parser.HtmlParserTest#reconstructFormattingElementsInTable,0.000000
464,org.jsoup.parser.HtmlParserTest#selfClosingVoidIsNotAnError,0.000000
465,org.jsoup.parser.HtmlParserTest#testNoImagesInNoScriptInHead,0.000000
466,org.jsoup.parser.HtmlParserTest#handlesBaseWithoutHref,0.000000
467,org.jsoup.parser.HtmlParserTest#handlesUnclosedRawtextAtEof,0.000000
468,org.jsoup.parser.HtmlParserTest#tracksLimitedErrorsWhenRequested,0.000000
469,org.jsoup.parser.HtmlParserTest#doesNotFindShortestMatchingEntity,0.000000
470,org.jsoup.parser.HtmlParserTest#tracksErrorsWhenRequested,0.000000
471,org.jsoup.parser.HtmlParserTest#handlesUnclosedAnchors,0.000000
472,org.jsoup.parser.HtmlParserTest#parsesBodyFragment,0.000000
473,org.jsoup.parser.HtmlParserTest#handlesUnknownInlineTags,0.000000
474,org.jsoup.parser.HtmlParserTest#testSelectWithOption,0.000000
475,org.jsoup.parser.HtmlParserTest#normalisesEmptyDocument,0.000000
476,org.jsoup.parser.HtmlParserTest#relaxedBaseEntityMatchAndStrictExtendedMatch,0.000000
477,org.jsoup.parser.HtmlParserTest#handlesUnclosedFormattingElements,0.000000
478,org.jsoup.parser.HtmlParserTest#handlesSolidusInA,0.000000
479,org.jsoup.parser.HtmlParserTest#testHgroup,0.000000
480,org.jsoup.parser.HtmlParserTest#discardsNakedTds,0.000000
481,org.jsoup.parser.HtmlParserTest#parsesComments,0.000000
482,org.jsoup.parser.HtmlParserTest#testFontFlowContents,0.000000
483,org.jsoup.parser.HtmlParserTest#handlesMisnestedTagsBI,0.000000
484,org.jsoup.parser.HtmlParserTest#handlesMisnestedTagsBP,0.000000
485,org.jsoup.parser.HtmlParserTest#canPreserveBothCase,0.000000
486,org.jsoup.parser.HtmlParserTest#testHandlesDeepSpans,0.000000
487,org.jsoup.parser.HtmlParserTest#handleCDataInText,0.000000
488,org.jsoup.parser.HtmlParserTest#findsCharsetInMalformedMeta,0.000000
489,org.jsoup.parser.HtmlParserTest#handlesMultiClosingBody,0.000000
490,org.jsoup.parser.HtmlParserTest#handlesBlocksInDefinitions,0.000000
491,org.jsoup.parser.HtmlParserTest#testAFlowContents,0.000000
492,org.jsoup.parser.HtmlParserTest#handlesNullInData,0.000000
493,org.jsoup.parser.HtmlParserTest#parsesQuiteRoughAttributes,0.000000
494,org.jsoup.safety.CleanerTest#testHandlesEmptyAttributes,0.000000
495,org.jsoup.safety.CleanerTest#basicBehaviourTest,0.000000
496,org.jsoup.safety.CleanerTest#handlesCustomProtocols,0.000000
497,org.jsoup.safety.CleanerTest#testIsValidBodyHtml,0.000000
498,org.jsoup.safety.CleanerTest#handlesNoHrefAttribute,0.000000
499,org.jsoup.safety.CleanerTest#preservesRelativeLinksIfConfigured,0.000000
500,org.jsoup.safety.CleanerTest#testCleanAnchorProtocol,0.000000
501,org.jsoup.safety.CleanerTest#bailsIfRemovingProtocolThatsNotSet,0.000000
502,org.jsoup.safety.CleanerTest#testDropScript,0.000000
503,org.jsoup.safety.CleanerTest#testRemoveTags,0.000000
504,org.jsoup.safety.CleanerTest#testRemoveAttributes,0.000000
505,org.jsoup.safety.CleanerTest#testRemoveEnforcedAttributes,0.000000
506,org.jsoup.safety.CleanerTest#testRelaxed,0.000000
507,org.jsoup.safety.CleanerTest#resolvesRelativeLinks,0.000000
508,org.jsoup.safety.CleanerTest#testDropComments,0.000000
509,org.jsoup.safety.CleanerTest#handlesFramesets,0.000000
510,org.jsoup.safety.CleanerTest#handlesControlCharactersAfterTagName,0.000000
511,org.jsoup.safety.CleanerTest#simpleBehaviourTest2,0.000000
512,org.jsoup.safety.CleanerTest#testRemoveProtocols,0.000000
513,org.jsoup.safety.CleanerTest#testDropImageScript,0.000000
514,org.jsoup.safety.CleanerTest#simpleBehaviourTest,0.000000
515,org.jsoup.safety.CleanerTest#handlesAttributesWithNoValue,0.000000
516,org.jsoup.safety.CleanerTest#dropsUnresolvableRelativeLinks,0.000000
517,org.jsoup.safety.CleanerTest#testScriptTagInWhiteList,0.000000
518,org.jsoup.safety.CleanerTest#addsTagOnAttributesIfNotSet,0.000000
519,org.jsoup.safety.CleanerTest#testDropsUnknownTags,0.000000
520,org.jsoup.safety.CleanerTest#testCleanJavascriptHref,0.000000
521,org.jsoup.safety.CleanerTest#basicWithImagesTest,0.000000
522,org.jsoup.safety.CleanerTest#whitelistedProtocolShouldBeRetained,0.000000
523,org.jsoup.safety.CleanerTest#testDropXmlProc,0.000000
524,org.jsoup.safety.CleanerTest#testIsValidDocument,0.000000
525,org.jsoup.safety.CleanerTest#handlesAllPseudoTag,0.000000
526,org.jsoup.safety.CleanerTest#supplyOutputSettings,0.000000
527,org.jsoup.safety.CleanerTest#cleansInternationalText,0.000000
528,org.jsoup.select.QueryParserTest#testParsesSingleQuoteInContains,0.000000
529,org.jsoup.select.QueryParserTest#testOrGetsCorrectPrecedence,0.000000
530,org.jsoup.select.QueryParserTest#testParsesMultiCorrectly,0.000000
531,org.jsoup.select.QueryParserTest#exceptionOnUncloseAttribute,0.000000
532,org.jsoup.select.ElementsTest#classWithHyphen,0.000000
533,org.jsoup.select.ElementsTest#before,0.000000
534,org.jsoup.select.ElementsTest#filter,0.000000
535,org.jsoup.select.ElementsTest#eachAttr,0.000000
536,org.jsoup.select.ElementsTest#eachText,0.000000
537,org.jsoup.select.ElementsTest#absAttr,0.000000
538,org.jsoup.select.ElementsTest#remove,0.000000
539,org.jsoup.select.ElementsTest#unwrap,0.000000
540,org.jsoup.select.ElementsTest#parents,0.000000
541,org.jsoup.select.ElementsTest#unwrapP,0.000000
542,org.jsoup.select.ElementsTest#unwrapKeepsSpace,0.000000
543,org.jsoup.select.ElementsTest#eq,0.000000
544,org.jsoup.select.ElementsTest#is,0.000000
545,org.jsoup.select.ElementsTest#not,0.000000
546,org.jsoup.select.ElementsTest#val,0.000000
547,org.jsoup.select.ElementsTest#attr,0.000000
548,org.jsoup.select.ElementsTest#html,0.000000
549,org.jsoup.select.ElementsTest#text,0.000000
550,org.jsoup.select.ElementsTest#wrap,0.000000
551,org.jsoup.select.ElementsTest#hasClassCaseInsensitive,0.000000
552,org.jsoup.select.ElementsTest#after,0.000000
553,org.jsoup.select.ElementsTest#empty,0.000000
554,org.jsoup.select.ElementsTest#siblings,0.000000
555,org.jsoup.select.ElementsTest#attributes,0.000000
556,org.jsoup.select.ElementsTest#hasAttr,0.000000
557,org.jsoup.select.ElementsTest#hasText,0.000000
558,org.jsoup.select.ElementsTest#hasAbsAttr,0.000000
559,org.jsoup.select.ElementsTest#classes,0.000000
560,org.jsoup.select.ElementsTest#traverse,0.000000
561,org.jsoup.select.ElementsTest#wrapDiv,0.000000
562,org.jsoup.select.ElementsTest#outerHtml,0.000000
563,org.jsoup.select.ElementsTest#tagNameSet,0.000000
564,org.jsoup.select.ElementsTest#setHtml,0.000000
565,org.jsoup.select.SelectorTest#containsData,0.000000
566,org.jsoup.select.SelectorTest#testByAttributeStarting,0.000000
567,org.jsoup.select.SelectorTest#deeperDescendant,0.000000
568,org.jsoup.select.SelectorTest#selectSameElements,0.000000
569,org.jsoup.select.SelectorTest#testPseudoEquals,0.000000
570,org.jsoup.select.SelectorTest#testByClassCaseInsensitive,0.000000
571,org.jsoup.select.SelectorTest#testByAttributeRegexCharacterClass,0.000000
572,org.jsoup.select.SelectorTest#testAllWithClass,0.000000
573,org.jsoup.select.SelectorTest#testByTag,0.000000
574,org.jsoup.select.SelectorTest#testById,0.000000
575,org.jsoup.select.SelectorTest#findBetweenSpan,0.000000
576,org.jsoup.select.SelectorTest#descendant,0.000000
577,org.jsoup.select.SelectorTest#handlesCommasInSelector,0.000000
578,org.jsoup.select.SelectorTest#notAll,0.000000
579,org.jsoup.select.SelectorTest#testByAttribute,0.000000
580,org.jsoup.select.SelectorTest#selectClassWithSpace,0.000000
581,org.jsoup.select.SelectorTest#notAdjacent,0.000000
582,org.jsoup.select.SelectorTest#testCombinedWithContains,0.000000
583,org.jsoup.select.SelectorTest#containsWithQuote,0.000000
584,org.jsoup.select.SelectorTest#testPseudoGreaterThan,0.000000
585,org.jsoup.select.SelectorTest#testAllElements,0.000000
586,org.jsoup.select.SelectorTest#testByAttributeRegex,0.000000
587,org.jsoup.select.SelectorTest#mixCombinator,0.000000
588,org.jsoup.select.SelectorTest#testRelaxedTags,0.000000
589,org.jsoup.select.SelectorTest#testPseudoBetween,0.000000
590,org.jsoup.select.SelectorTest#testPseudoLessThan,0.000000
591,org.jsoup.select.SelectorTest#testGroupOr,0.000000
592,org.jsoup.select.SelectorTest#testByClass,0.000000
593,org.jsoup.select.SelectorTest#and,0.000000
594,org.jsoup.select.SelectorTest#attributeWithBrackets,0.000000
595,org.jsoup.select.SelectorTest#testPsuedoContainsWithParentheses,0.000000
596,org.jsoup.select.SelectorTest#testGroupOrAttribute,0.000000
597,org.jsoup.select.SelectorTest#caseInsensitive,0.000000
598,org.jsoup.select.SelectorTest#selectFirst,0.000000
599,org.jsoup.select.SelectorTest#containsOwn,0.000000
600,org.jsoup.select.SelectorTest#testCharactersInIdAndClass,0.000000
601,org.jsoup.select.SelectorTest#splitOnBr,0.000000
602,org.jsoup.select.SelectorTest#multiChildDescent,0.000000
603,org.jsoup.select.SelectorTest#adjacentSiblingsWithId,0.000000
604,org.jsoup.select.SelectorTest#testMatches,0.000000
605,org.jsoup.select.SelectorTest#matchText,0.000000
606,org.jsoup.select.SelectorTest#selectFirstWithOr,0.000000
607,org.jsoup.select.SelectorTest#matchTextAttributes,0.000000
608,org.jsoup.select.SelectorTest#parentWithClassChild,0.000000
609,org.jsoup.select.SelectorTest#generalSiblings,0.000000
610,org.jsoup.select.SelectorTest#parentChildStar,0.000000
611,org.jsoup.select.SelectorTest#testPseudoCombined,0.000000
612,org.jsoup.select.SelectorTest#testPseudoContains,0.000000
613,org.jsoup.select.SelectorTest#testPseudoHas,0.000000
614,org.jsoup.select.SelectorTest#notClass,0.000000
615,org.jsoup.select.SelectorTest#notParas,0.000000
616,org.jsoup.select.SelectorTest#selectSupplementaryCharacter,0.000000
617,org.jsoup.select.SelectorTest#adjacentSiblings,0.000000
618,org.jsoup.select.SelectorTest#testNamespacedTag,0.000000
619,org.jsoup.select.SelectorTest#testNestedHas,0.000000
620,org.jsoup.select.SelectorTest#parentChildElement,0.000000
621,org.jsoup.select.SelectorTest#testByAttributeRegexCombined,0.000000
622,org.jsoup.select.SelectorTest#matchesOwn,0.000000
623,org.jsoup.select.SelectorTest#testSupportsLeadingCombinator,0.000000
624,org.jsoup.select.SelectorTest#mixCombinatorGroup,0.000000
625,org.jsoup.select.SelectorTest#testWildcardNamespacedTag,0.000000
626,org.jsoup.select.SelectorTest#selectFirstWithAnd,0.000000
627,org.jsoup.select.TraversorTest#filterStop,0.000000
628,org.jsoup.select.TraversorTest#filterVisit,0.000000
629,org.jsoup.select.TraversorTest#filterSkipChildren,0.000000
630,org.jsoup.select.TraversorTest#filterSkipEntirely,0.000000
631,org.jsoup.select.TraversorTest#filterRemove,0.000000
632,org.jsoup.select.CssTest#nthLastOfType_advanced,0.000000
633,org.jsoup.select.CssTest#nthChild_advanced,0.000000
634,org.jsoup.select.CssTest#nthOfType_advanced,0.000000
635,org.jsoup.select.CssTest#nthOfType_simple,0.000000
636,org.jsoup.select.CssTest#firstOfType,0.000000
637,org.jsoup.select.CssTest#firstChild,0.000000
638,org.jsoup.select.CssTest#nthLastOfType_simple,0.000000
639,org.jsoup.select.CssTest#root,0.000000
640,org.jsoup.select.CssTest#onlyOfType,0.000000
641,org.jsoup.select.CssTest#nthLastChild_simple,0.000000
642,org.jsoup.select.CssTest#empty,0.000000
643,org.jsoup.select.CssTest#onlyChild,0.000000
644,org.jsoup.select.CssTest#nthChild_simple,0.000000
645,org.jsoup.select.CssTest#nthLastChild_advanced,0.000000
646,org.jsoup.select.CssTest#lastOfType,0.000000
647,org.jsoup.select.CssTest#lastChild,0.000000
648,org.jsoup.select.CssTest#nthOfType_unknownTag,0.000000
649,org.jsoup.helper.DataUtilTest#firstMetaElementWithCharsetShouldBeUsedForDecoding,0.000000
650,org.jsoup.helper.DataUtilTest#secondMetaElementWithContentTypeContainsCharsetParameter,0.000000
651,org.jsoup.helper.DataUtilTest#supportsUTF8BOM,0.000000
652,org.jsoup.helper.DataUtilTest#generatesMimeBoundaries,0.000000
653,org.jsoup.helper.DataUtilTest#discardsSpuriousByteOrderMarkWhenNoCharsetSet,0.000000
654,org.jsoup.helper.DataUtilTest#discardsSpuriousByteOrderMark,0.000000
655,org.jsoup.helper.DataUtilTest#shouldCorrectCharsetForDuplicateCharsetString,0.000000
656,org.jsoup.helper.DataUtilTest#shouldNotThrowExceptionOnEmptyCharset,0.000000
657,org.jsoup.helper.DataUtilTest#testCharset,0.000000
658,org.jsoup.helper.DataUtilTest#supportsBOMinFiles,0.000000
659,org.jsoup.helper.DataUtilTest#testQuotedCharset,0.000000
660,org.jsoup.helper.DataUtilTest#wrongMetaCharsetFallback,0.000000
661,org.jsoup.helper.DataUtilTest#shouldSelectFirstCharsetOnWeirdMultileCharsetsInMetaTags,0.000000
662,org.jsoup.helper.DataUtilTest#shouldReturnNullForIllegalCharsetNames,0.000000
663,org.jsoup.helper.DataUtilTest#supportsXmlCharsetDeclaration,0.000000
664,org.jsoup.helper.W3CDomTest#simpleConversion,0.000000
665,org.jsoup.helper.W3CDomTest#namespacePreservation,0.000000
666,org.jsoup.helper.W3CDomTest#treatsUndeclaredNamespaceAsLocalName,0.000000
667,org.jsoup.helper.W3CDomTest#handlesInvalidAttributeNames,0.000000
668,org.jsoup.helper.HttpConnectionTest#throwsExceptionOnParseWithoutExecute,0.000000
669,org.jsoup.helper.HttpConnectionTest#connectWithUrl,0.000000
670,org.jsoup.helper.HttpConnectionTest#ignoresEmptySetCookies,0.000000
671,org.jsoup.helper.HttpConnectionTest#throwsOnMalformedUrl,0.000000
672,org.jsoup.helper.HttpConnectionTest#multipleHeaders,0.000000
673,org.jsoup.helper.HttpConnectionTest#cookie,0.000000
674,org.jsoup.helper.HttpConnectionTest#timeout,0.000000
675,org.jsoup.helper.HttpConnectionTest#method,0.000000
676,org.jsoup.helper.HttpConnectionTest#handlesHeaderEncodingOnRequest,0.000000
677,org.jsoup.helper.HttpConnectionTest#referrer,0.000000
678,org.jsoup.helper.HttpConnectionTest#sameHeadersCombineWithComma,0.000000
679,org.jsoup.helper.HttpConnectionTest#inputStream,0.000000
680,org.jsoup.helper.HttpConnectionTest#throwsExceptionOnBodyAsBytesWithoutExecute,0.000000
681,org.jsoup.helper.HttpConnectionTest#data,0.000000
682,org.jsoup.helper.HttpConnectionTest#userAgent,0.000000
683,org.jsoup.helper.HttpConnectionTest#throwsExceptionOnBodyWithoutExecute,0.000000
684,org.jsoup.helper.HttpConnectionTest#headers,0.000000
685,org.jsoup.helper.HttpConnectionTest#noUrlThrowsValidationError,0.000000
686,org.jsoup.helper.HttpConnectionTest#requestBody,0.000000
687,org.jsoup.helper.HttpConnectionTest#ignoresEmptyCookieNameAndVals,0.000000
688,org.jsoup.helper.HttpConnectionTest#encodeUrl,0.000000
689,org.jsoup.helper.HttpConnectionTest#throwsOnOddData,0.000000
690,org.jsoup.helper.HttpConnectionTest#caseInsensitiveHeaders,0.000000
